ISO-10303-21;
HEADER;
FILE_DESCRIPTION (( 'STEP AP214' ),
    '1' );
FILE_NAME ('S1711-46R.STEP',
    '2024-11-08T11:34:56',
    ( '' ),
    ( '' ),
    'SwSTEP 2.0',
    'SolidWorks 2021',
    '' );
FILE_SCHEMA (( 'AUTOMOTIVE_DESIGN' ));
ENDSEC;

DATA;
#1 = CARTESIAN_POINT ( 'NONE',  ( -4.394199999999999662, 2.500000000000000000, 0.5500000000000000444 ) ) ;
#2 = CARTESIAN_POINT ( 'NONE',  ( -4.394199999999999662, 1.560000000000000275, -0.9399999999999999467 ) ) ;
#3 = ORIENTED_EDGE ( 'NONE', *, *, #586, .T. ) ;
#4 = CARTESIAN_POINT ( 'NONE',  ( 1.649999999999999911, 0.2000000000000000111, -0.6400000000000000133 ) ) ;
#5 = VERTEX_POINT ( 'NONE', #556 ) ;
#6 = FACE_OUTER_BOUND ( 'NONE', #1685, .T. ) ;
#7 = AXIS2_PLACEMENT_3D ( 'NONE', #126, #1193, #877 ) ;
#8 = VERTEX_POINT ( 'NONE', #43 ) ;
#9 = CARTESIAN_POINT ( 'NONE',  ( -4.394199999999999662, 1.620000000000000107, 1.139999999999999902 ) ) ;
#10 = CARTESIAN_POINT ( 'NONE',  ( -1.800000000000000488, 0.5000000000000000000, -1.139999999999999902 ) ) ;
#11 = CARTESIAN_POINT ( 'NONE',  ( 1.800000000000000044, 0.000000000000000000, 0.6400000000000000133 ) ) ;
#12 = ORIENTED_EDGE ( 'NONE', *, *, #2651, .F. ) ;
#13 = ADVANCED_FACE ( 'NONE', ( #533 ), #793, .T. ) ;
#14 = ORIENTED_EDGE ( 'NONE', *, *, #448, .T. ) ;
#15 = VECTOR ( 'NONE', #3377, 1000.000000000000000 ) ;
#16 = LINE ( 'NONE', #881, #1877 ) ;
#17 = AXIS2_PLACEMENT_3D ( 'NONE', #323, #3282, #2233 ) ;
#18 = CARTESIAN_POINT ( 'NONE',  ( 1.800000000000000488, 2.500000000000000000, 0.2500000000000000555 ) ) ;
#19 = ORIENTED_EDGE ( 'NONE', *, *, #528, .F. ) ;
#20 = DIRECTION ( 'NONE',  ( -1.000000000000000000, 0.000000000000000000, -0.000000000000000000 ) ) ;
#21 = VERTEX_POINT ( 'NONE', #1095 ) ;
#22 = DIRECTION ( 'NONE',  ( 0.000000000000000000, 0.000000000000000000, -1.000000000000000000 ) ) ;
#23 = EDGE_LOOP ( 'NONE', ( #2520, #3133, #904, #358 ) ) ;
#24 = PRODUCT_CONTEXT ( 'NONE', #2292, 'mechanical' ) ;
#25 = DIRECTION ( 'NONE',  ( 1.000000000000000000, 0.000000000000000000, 0.000000000000000000 ) ) ;
#26 = DIRECTION ( 'NONE',  ( 0.000000000000000000, -1.000000000000000000, 0.000000000000000000 ) ) ;
#27 = CARTESIAN_POINT ( 'NONE',  ( -1.800000000000000488, 0.5000000000000000000, -0.6400000000000000133 ) ) ;
#28 = AXIS2_PLACEMENT_3D ( 'NONE', #1955, #82, #2688 ) ;
#29 = ORIENTED_EDGE ( 'NONE', *, *, #2622, .T. ) ;
#30 = ADVANCED_FACE ( 'NONE', ( #2171 ), #3235, .T. ) ;
#31 = ORIENTED_EDGE ( 'NONE', *, *, #83, .T. ) ;
#32 = ADVANCED_FACE ( 'NONE', ( #2016 ), #158, .T. ) ;
#33 = EDGE_CURVE ( 'NONE', #154, #513, #510, .T. ) ;
#34 = AXIS2_PLACEMENT_3D ( 'NONE', #1137, #1374, #1339 ) ;
#35 = PLANE ( 'NONE',  #3051 ) ;
#36 = EDGE_CURVE ( 'NONE', #466, #281, #669, .T. ) ;
#37 = VERTEX_POINT ( 'NONE', #103 ) ;
#38 = AXIS2_PLACEMENT_3D ( 'NONE', #3180, #3098, #688 ) ;
#39 = LINE ( 'NONE', #1314, #2410 ) ;
#40 = VERTEX_POINT ( 'NONE', #2526 ) ;
#41 = CARTESIAN_POINT ( 'NONE',  ( -4.394199999999999662, 1.560000000000000053, -0.9399999999999999467 ) ) ;
#42 = EDGE_LOOP ( 'NONE', ( #1254, #468, #214, #2501 ) ) ;
#43 = CARTESIAN_POINT ( 'NONE',  ( 4.494200000000000195, 1.560000000000000275, -1.139999999999999902 ) ) ;
#44 = EDGE_CURVE ( 'NONE', #731, #1401, #1208, .T. ) ;
#45 = EDGE_CURVE ( 'NONE', #170, #2732, #1121, .T. ) ;
#46 = LINE ( 'NONE', #845, #2955 ) ;
#47 = CARTESIAN_POINT ( 'NONE',  ( 1.500000000000000222, 0.000000000000000000, -0.6400000000000500844 ) ) ;
#48 = CARTESIAN_POINT ( 'NONE',  ( 3.350000000000000089, 0.2000000000000000111, -0.4000000000000000222 ) ) ;
#49 = VERTEX_POINT ( 'NONE', #943 ) ;
#50 = DIRECTION ( 'NONE',  ( 0.000000000000000000, 0.000000000000000000, 1.000000000000000000 ) ) ;
#51 = DIRECTION ( 'NONE',  ( 0.000000000000000000, -0.6019532684636279551, -0.7985313159707360109 ) ) ;
#52 = EDGE_LOOP ( 'NONE', ( #2835, #3042, #2375, #390 ) ) ;
#53 = FACE_OUTER_BOUND ( 'NONE', #841, .T. ) ;
#54 = VERTEX_POINT ( 'NONE', #121 ) ;
#55 = AXIS2_PLACEMENT_3D ( 'NONE', #2392, #282, #22 ) ;
#56 = ORIENTED_EDGE ( 'NONE', *, *, #1389, .F. ) ;
#57 = CIRCLE ( 'NONE', #728, 0.4999999999999998890 ) ;
#58 = DIRECTION ( 'NONE',  ( 0.000000000000000000, 0.7985313159705307307, 0.6019532684639001818 ) ) ;
#59 = DIRECTION ( 'NONE',  ( -0.000000000000000000, 1.000000000000000000, -0.000000000000000000 ) ) ;
#60 = AXIS2_PLACEMENT_3D ( 'NONE', #2186, #2489, #2821 ) ;
#61 = CARTESIAN_POINT ( 'NONE',  ( 4.394199999999999662, 0.000000000000000000, 0.000000000000000000 ) ) ;
#62 = EDGE_LOOP ( 'NONE', ( #1700, #3160, #284, #1706 ) ) ;
#63 = EDGE_CURVE ( 'NONE', #991, #1123, #3018, .T. ) ;
#64 = DIRECTION ( 'NONE',  ( 1.000000000000000000, 0.000000000000000000, 0.000000000000000000 ) ) ;
#65 = ORIENTED_EDGE ( 'NONE', *, *, #1272, .F. ) ;
#66 = DIRECTION ( 'NONE',  ( 0.000000000000000000, -0.3325146519513070276, 0.9430980894041198770 ) ) ;
#67 = AXIS2_PLACEMENT_3D ( 'NONE', #1276, #1020, #3165 ) ;
#68 = VERTEX_POINT ( 'NONE', #2283 ) ;
#69 = AXIS2_PLACEMENT_3D ( 'NONE', #2408, #551, #1866 ) ;
#70 = AXIS2_PLACEMENT_3D ( 'NONE', #3425, #495, #477 ) ;
#71 = ORIENTED_EDGE ( 'NONE', *, *, #3043, .F. ) ;
#72 = EDGE_CURVE ( 'NONE', #352, #1846, #1701, .T. ) ;
#73 = EDGE_CURVE ( 'NONE', #54, #2480, #415, .T. ) ;
#74 = ADVANCED_FACE ( 'NONE', ( #1224 ), #3035, .T. ) ;
#75 = VECTOR ( 'NONE', #1712, 1000.000000000000000 ) ;
#76 = DIRECTION ( 'NONE',  ( 0.000000000000000000, 0.000000000000000000, -1.000000000000000000 ) ) ;
#77 = LINE ( 'NONE', #3237, #1492 ) ;
#78 = CARTESIAN_POINT ( 'NONE',  ( -1.199999999999999956, 0.2000000000000000111, -0.8400000000000000799 ) ) ;
#79 = ORIENTED_EDGE ( 'NONE', *, *, #3392, .T. ) ;
#80 = VECTOR ( 'NONE', #2834, 1000.000000000000000 ) ;
#81 = CARTESIAN_POINT ( 'NONE',  ( 1.800000000000003819, 2.091549044701999982, -0.8062573259756999899 ) ) ;
#82 = DIRECTION ( 'NONE',  ( 0.000000000000000000, 0.7985313159707360109, 0.6019532684636279551 ) ) ;
#83 = EDGE_CURVE ( 'NONE', #186, #693, #347, .T. ) ;
#84 = VERTEX_POINT ( 'NONE', #1978 ) ;
#85 = CARTESIAN_POINT ( 'NONE',  ( 2.100000000000000089, 3.290293736805880886, -1.100000000000090017 ) ) ;
#86 = ORIENTED_EDGE ( 'NONE', *, *, #1576, .F. ) ;
#87 = EDGE_CURVE ( 'NONE', #2147, #982, #1190, .T. ) ;
#88 = AXIS2_PLACEMENT_3D ( 'NONE', #3117, #2570, #129 ) ;
#89 = VECTOR ( 'NONE', #615, 1000.000000000000000 ) ;
#90 = ORIENTED_EDGE ( 'NONE', *, *, #1024, .F. ) ;
#91 = CARTESIAN_POINT ( 'NONE',  ( -4.394199999999999662, 2.899265657985184319, 0.2490233657681930890 ) ) ;
#92 = DIRECTION ( 'NONE',  ( 1.000000000000000000, -0.000000000000000000, 0.000000000000000000 ) ) ;
#93 = DIRECTION ( 'NONE',  ( 0.000000000000000000, -0.6019532684636279551, -0.7985313159707360109 ) ) ;
#94 = CYLINDRICAL_SURFACE ( 'NONE', #7, 0.2999999999999999334 ) ;
#95 = AXIS2_PLACEMENT_3D ( 'NONE', #3107, #2036, #1580 ) ;
#96 = EDGE_LOOP ( 'NONE', ( #1296, #2987, #829, #719, #2577, #725 ) ) ;
#97 = CARTESIAN_POINT ( 'NONE',  ( -1.800000000000000488, 1.620000000000000107, 0.9399999999999999467 ) ) ;
#98 = DIRECTION ( 'NONE',  ( 1.000000000000000000, 0.000000000000000000, 0.000000000000000000 ) ) ;
#99 = ORIENTED_EDGE ( 'NONE', *, *, #226, .F. ) ;
#100 = DIRECTION ( 'NONE',  ( 0.000000000000000000, 0.7985313159707360109, 0.6019532684636279551 ) ) ;
#101 = ORIENTED_EDGE ( 'NONE', *, *, #1642, .F. ) ;
#102 = ORIENTED_EDGE ( 'NONE', *, *, #1024, .T. ) ;
#103 = CARTESIAN_POINT ( 'NONE',  ( 4.394199999999999662, 2.500000000000000000, 0.2500000000000000555 ) ) ;
#104 = FACE_OUTER_BOUND ( 'NONE', #96, .T. ) ;
#105 = DIRECTION ( 'NONE',  ( 0.000000000000000000, -0.7985313159707360109, 0.6019532684636279551 ) ) ;
#106 = CARTESIAN_POINT ( 'NONE',  ( -4.394199999999999662, 2.217070573179000359, 0.4502456044146000425 ) ) ;
#107 = CIRCLE ( 'NONE', #1678, 0.2999999999999999889 ) ;
#108 = EDGE_CURVE ( 'NONE', #1270, #1218, #2225, .T. ) ;
#109 = VERTEX_POINT ( 'NONE', #91 ) ;
#110 = CARTESIAN_POINT ( 'NONE',  ( -4.394199999999999662, 1.620000000000000107, 1.139999999999999902 ) ) ;
#111 = LINE ( 'NONE', #2025, #2791 ) ;
#112 = VECTOR ( 'NONE', #26, 1000.000000000000000 ) ;
#113 = EDGE_CURVE ( 'NONE', #3114, #809, #2246, .T. ) ;
#114 = CARTESIAN_POINT ( 'NONE',  ( -1.199999999999999956, 0.2132282120810999881, 1.139999999999999902 ) ) ;
#115 = ORIENTED_EDGE ( 'NONE', *, *, #3295, .F. ) ;
#116 = CARTESIAN_POINT ( 'NONE',  ( 1.800000000000000488, 3.109707756266918643, 0.8604406052087402168 ) ) ;
#117 = ORIENTED_EDGE ( 'NONE', *, *, #2048, .F. ) ;
#118 = CARTESIAN_POINT ( 'NONE',  ( -2.370000000000000107, 0.000000000000000000, 0.4000000000000000222 ) ) ;
#119 = CIRCLE ( 'NONE', #575, 0.2999999999999998779 ) ;
#120 = ORIENTED_EDGE ( 'NONE', *, *, #339, .F. ) ;
#121 = CARTESIAN_POINT ( 'NONE',  ( 4.394199999999999662, 2.739559394791229785, 0.3694140194608157568 ) ) ;
#122 = AXIS2_PLACEMENT_3D ( 'NONE', #760, #1301, #2903 ) ;
#123 = AXIS2_PLACEMENT_3D ( 'NONE', #1054, #1232, #1288 ) ;
#124 = DIRECTION ( 'NONE',  ( 0.000000000000000000, 0.000000000000000000, -1.000000000000000000 ) ) ;
#125 = CARTESIAN_POINT ( 'NONE',  ( 4.394199999999999662, 1.620000000000000107, -0.9399999999999999467 ) ) ;
#126 = CARTESIAN_POINT ( 'NONE',  ( -1.199999999999999956, -0.01492002703493000050, -0.8400000000000000799 ) ) ;
#127 = VERTEX_POINT ( 'NONE', #886 ) ;
#128 = EDGE_CURVE ( 'NONE', #2090, #249, #3311, .T. ) ;
#129 = DIRECTION ( 'NONE',  ( 0.000000000000000000, 0.000000000000000000, -1.000000000000000000 ) ) ;
#130 = PLANE ( 'NONE',  #3037 ) ;
#131 = CARTESIAN_POINT ( 'NONE',  ( -1.500000000000000000, 0.000000000000000000, 0.8400000000000000799 ) ) ;
#132 = VECTOR ( 'NONE', #1355, 1000.000000000000000 ) ;
#133 = ORIENTED_EDGE ( 'NONE', *, *, #2780, .F. ) ;
#134 = DIRECTION ( 'NONE',  ( 1.000000000000000000, 0.000000000000000000, -0.000000000000000000 ) ) ;
#135 = ADVANCED_FACE ( 'NONE', ( #2267 ), #1716, .T. ) ;
#136 = ORIENTED_EDGE ( 'NONE', *, *, #3396, .T. ) ;
#137 = EDGE_CURVE ( 'NONE', #1556, #621, #2840, .T. ) ;
#138 = CARTESIAN_POINT ( 'NONE',  ( -4.394199999999999662, 0.5000000000000000000, -1.139999999999999902 ) ) ;
#139 = EDGE_LOOP ( 'NONE', ( #611, #1167, #472, #1379 ) ) ;
#140 = CARTESIAN_POINT ( 'NONE',  ( 4.094199999999999839, 3.290293736805999902, -1.100000000000000089 ) ) ;
#141 = FACE_OUTER_BOUND ( 'NONE', #312, .T. ) ;
#142 = AXIS2_PLACEMENT_3D ( 'NONE', #255, #219, #1052 ) ;
#143 = DIRECTION ( 'NONE',  ( 0.000000000000000000, 0.000000000000000000, -1.000000000000000000 ) ) ;
#144 = AXIS2_PLACEMENT_3D ( 'NONE', #781, #1068, #188 ) ;
#145 = DIRECTION ( 'NONE',  ( -0.000000000000000000, -1.000000000000000000, -0.000000000000000000 ) ) ;
#146 = LINE ( 'NONE', #380, #1510 ) ;
#147 = ORIENTED_EDGE ( 'NONE', *, *, #3369, .F. ) ;
#148 = ADVANCED_FACE ( 'NONE', ( #492 ), #437, .T. ) ;
#149 = DIRECTION ( 'NONE',  ( 1.000000000000000000, 0.000000000000000000, 0.000000000000000000 ) ) ;
#150 = DIRECTION ( 'NONE',  ( -0.000000000000000000, -1.000000000000000000, 0.000000000000000000 ) ) ;
#151 = CIRCLE ( 'NONE', #95, 0.2999999999999999889 ) ;
#152 = DIRECTION ( 'NONE',  ( 0.000000000000000000, 0.000000000000000000, -1.000000000000000000 ) ) ;
#153 = ORIENTED_EDGE ( 'NONE', *, *, #1991, .T. ) ;
#154 = VERTEX_POINT ( 'NONE', #1787 ) ;
#155 = CYLINDRICAL_SURFACE ( 'NONE', #1238, 0.2999999999999999334 ) ;
#156 = LINE ( 'NONE', #2596, #2091 ) ;
#157 = ORIENTED_EDGE ( 'NONE', *, *, #2451, .F. ) ;
#158 = CYLINDRICAL_SURFACE ( 'NONE', #2470, 0.5000000000000000000 ) ;
#159 = FACE_OUTER_BOUND ( 'NONE', #2581, .T. ) ;
#160 = EDGE_CURVE ( 'NONE', #2243, #1945, #151, .T. ) ;
#161 = DIRECTION ( 'NONE',  ( 0.000000000000000000, 0.000000000000000000, -1.000000000000000000 ) ) ;
#162 = DIRECTION ( 'NONE',  ( 0.000000000000000000, 1.734723475976807094E-15, -1.000000000000000000 ) ) ;
#163 = CARTESIAN_POINT ( 'NONE',  ( -4.494200000000000195, 0.5600000000000000533, -0.9399999999999999467 ) ) ;
#164 = ORIENTED_EDGE ( 'NONE', *, *, #916, .T. ) ;
#165 = LINE ( 'NONE', #1231, #1426 ) ;
#166 = AXIS2_PLACEMENT_3D ( 'NONE', #2807, #1439, #2479 ) ;
#167 = DIRECTION ( 'NONE',  ( 1.000000000000000000, 0.000000000000000000, 0.000000000000000000 ) ) ;
#168 = LINE ( 'NONE', #3372, #1040 ) ;
#169 = ORIENTED_EDGE ( 'NONE', *, *, #160, .T. ) ;
#170 = VERTEX_POINT ( 'NONE', #1297 ) ;
#171 = VERTEX_POINT ( 'NONE', #2843 ) ;
#172 = EDGE_CURVE ( 'NONE', #2206, #693, #2915, .T. ) ;
#173 = CARTESIAN_POINT ( 'NONE',  ( -4.394199999999999662, 3.290293736805999902, 1.100000000000000089 ) ) ;
#174 = CARTESIAN_POINT ( 'NONE',  ( 4.394199999999999662, 0.5000000000000000000, 0.6400000000000000133 ) ) ;
#175 = VERTEX_POINT ( 'NONE', #2878 ) ;
#176 = DIRECTION ( 'NONE',  ( 0.000000000000000000, -1.000000000000000000, 0.000000000000000000 ) ) ;
#177 = FACE_OUTER_BOUND ( 'NONE', #2540, .T. ) ;
#178 = CARTESIAN_POINT ( 'NONE',  ( -4.394199999999999662, 0.000000000000000000, -0.4000000000000000777 ) ) ;
#179 = DIRECTION ( 'NONE',  ( 0.000000000000000000, -1.000000000000000000, 0.000000000000000000 ) ) ;
#180 = ADVANCED_FACE ( 'NONE', ( #2614 ), #1829, .F. ) ;
#181 = CIRCLE ( 'NONE', #1742, 0.5000000000000000000 ) ;
#182 = EDGE_CURVE ( 'NONE', #8, #997, #1847, .T. ) ;
#183 = CARTESIAN_POINT ( 'NONE',  ( 4.494200000000000195, 0.000000000000000000, 0.000000000000000000 ) ) ;
#184 = ADVANCED_FACE ( 'NONE', ( #2900 ), #3167, .F. ) ;
#185 = EDGE_CURVE ( 'NONE', #2015, #2156, #1811, .T. ) ;
#186 = VERTEX_POINT ( 'NONE', #213 ) ;
#187 = VECTOR ( 'NONE', #2606, 1000.000000000000000 ) ;
#188 = DIRECTION ( 'NONE',  ( 0.000000000000000000, 0.000000000000000000, -1.000000000000000000 ) ) ;
#189 = FACE_OUTER_BOUND ( 'NONE', #3016, .T. ) ;
#190 = ORIENTED_EDGE ( 'NONE', *, *, #682, .T. ) ;
#191 = EDGE_LOOP ( 'NONE', ( #405, #2338, #1093, #922, #591, #733, #2228, #2927, #2970, #1342, #2748, #2299, #2593, #1230, #375, #1600 ) ) ;
#192 = ORIENTED_EDGE ( 'NONE', *, *, #481, .F. ) ;
#193 = ADVANCED_FACE ( 'NONE', ( #1507 ), #2858, .F. ) ;
#194 = DIRECTION ( 'NONE',  ( 0.000000000000000000, -1.000000000000000000, 0.000000000000000000 ) ) ;
#195 = ADVANCED_FACE ( 'NONE', ( #250 ), #1022, .F. ) ;
#196 = PLANE ( 'NONE',  #1643 ) ;
#197 = VERTEX_POINT ( 'NONE', #1278 ) ;
#198 = DIRECTION ( 'NONE',  ( 0.000000000000000000, 0.000000000000000000, -1.000000000000000000 ) ) ;
#199 = CARTESIAN_POINT ( 'NONE',  ( -2.100000000000000089, 3.269414019461006404, 0.7400499515161085284 ) ) ;
#200 = AXIS2_PLACEMENT_3D ( 'NONE', #340, #2483, #2998 ) ;
#201 = DIRECTION ( 'NONE',  ( 0.000000000000000000, -1.000000000000000000, 0.000000000000000000 ) ) ;
#202 = DIRECTION ( 'NONE',  ( 0.000000000000000000, 0.000000000000000000, -1.000000000000000000 ) ) ;
#203 = DIRECTION ( 'NONE',  ( 0.000000000000000000, -0.6019532684636279551, 0.7985313159707360109 ) ) ;
#204 = PLANE ( 'NONE',  #2681 ) ;
#205 = CARTESIAN_POINT ( 'NONE',  ( 4.094199999999999839, 3.290293736805903535, -1.100000000000072697 ) ) ;
#206 = DIRECTION ( 'NONE',  ( 1.000000000000000000, 0.000000000000000000, 0.000000000000000000 ) ) ;
#207 = ORIENTED_EDGE ( 'NONE', *, *, #399, .F. ) ;
#208 = VERTEX_POINT ( 'NONE', #509 ) ;
#209 = ORIENTED_EDGE ( 'NONE', *, *, #1216, .F. ) ;
#210 = LINE ( 'NONE', #752, #961 ) ;
#211 = CARTESIAN_POINT ( 'NONE',  ( 3.350000000000000089, 0.000000000000000000, -0.4000000000000000222 ) ) ;
#212 = ORIENTED_EDGE ( 'NONE', *, *, #2087, .F. ) ;
#213 = CARTESIAN_POINT ( 'NONE',  ( 1.500000000000000222, 0.000000000000000000, -0.8400000000000000799 ) ) ;
#214 = ORIENTED_EDGE ( 'NONE', *, *, #1789, .T. ) ;
#215 = DIRECTION ( 'NONE',  ( 1.084202172485504434E-15, 0.000000000000000000, -1.000000000000000000 ) ) ;
#216 = CARTESIAN_POINT ( 'NONE',  ( -4.394199999999999662, 1.620000000000000107, 1.139999999999999902 ) ) ;
#217 = EDGE_CURVE ( 'NONE', #245, #429, #643, .T. ) ;
#218 = CARTESIAN_POINT ( 'NONE',  ( -4.394199999999999662, 2.500000000000000000, 0.5500000000000000444 ) ) ;
#219 = DIRECTION ( 'NONE',  ( -0.000000000000000000, 0.7985313159707360109, 0.6019532684636279551 ) ) ;
#220 = CARTESIAN_POINT ( 'NONE',  ( -1.800000000000000488, 2.500000000000000000, -0.5500000000000000444 ) ) ;
#221 = FACE_OUTER_BOUND ( 'NONE', #1803, .T. ) ;
#222 = EDGE_LOOP ( 'NONE', ( #1721, #1089, #2817, #3204 ) ) ;
#223 = VERTEX_POINT ( 'NONE', #230 ) ;
#224 = VERTEX_POINT ( 'NONE', #983 ) ;
#225 = ADVANCED_FACE ( 'NONE', ( #2598 ), #757, .T. ) ;
#226 = EDGE_CURVE ( 'NONE', #1502, #596, #3443, .T. ) ;
#227 = LINE ( 'NONE', #1294, #2430 ) ;
#228 = CARTESIAN_POINT ( 'NONE',  ( -1.800000000000000488, 1.620000000000000107, 1.139999999999999902 ) ) ;
#229 = VERTEX_POINT ( 'NONE', #1259 ) ;
#230 = CARTESIAN_POINT ( 'NONE',  ( -4.394199999999999662, 1.902929426821244885, -0.7397543955854408715 ) ) ;
#231 = AXIS2_PLACEMENT_3D ( 'NONE', #628, #2751, #1751 ) ;
#232 = ORIENTED_EDGE ( 'NONE', *, *, #3147, .T. ) ;
#233 = CARTESIAN_POINT ( 'NONE',  ( -4.394199999999999662, 0.5600000000000000533, 0.000000000000000000 ) ) ;
#234 = DIRECTION ( 'NONE',  ( 1.000000000000000000, 0.000000000000000000, 0.000000000000000000 ) ) ;
#235 = CARTESIAN_POINT ( 'NONE',  ( -4.394199999999999662, 2.028450955297746550, 0.3837426740242106393 ) ) ;
#236 = EDGE_CURVE ( 'NONE', #2680, #1614, #2115, .T. ) ;
#237 = VECTOR ( 'NONE', #1237, 1000.000000000000000 ) ;
#238 = CARTESIAN_POINT ( 'NONE',  ( -1.499999999999999778, -0.01492002703493000050, -0.8400000000000001910 ) ) ;
#239 = CARTESIAN_POINT ( 'NONE',  ( 2.100000000000000089, 3.109707756266883560, 0.8604406052086455148 ) ) ;
#240 = CYLINDRICAL_SURFACE ( 'NONE', #2752, 0.1499999999999999667 ) ;
#241 = VECTOR ( 'NONE', #607, 1000.000000000000000 ) ;
#242 = EDGE_CURVE ( 'NONE', #2288, #1697, #473, .T. ) ;
#243 = CIRCLE ( 'NONE', #70, 0.4999999999999998890 ) ;
#244 = EDGE_LOOP ( 'NONE', ( #1843, #1369, #2737, #3139 ) ) ;
#245 = VERTEX_POINT ( 'NONE', #2707 ) ;
#246 = CARTESIAN_POINT ( 'NONE',  ( 3.350000000000000089, 0.2000000000000000111, 0.4000000000000000222 ) ) ;
#247 = VECTOR ( 'NONE', #610, 1000.000000000000000 ) ;
#248 = SURFACE_SIDE_STYLE ('',( #2721 ) ) ;
#249 = VERTEX_POINT ( 'NONE', #1668 ) ;
#250 = FACE_OUTER_BOUND ( 'NONE', #1202, .T. ) ;
#251 = ORIENTED_EDGE ( 'NONE', *, *, #690, .F. ) ;
#252 = DIRECTION ( 'NONE',  ( 1.000000000000000000, 0.000000000000000000, 0.000000000000000000 ) ) ;
#253 = ORIENTED_EDGE ( 'NONE', *, *, #1380, .F. ) ;
#254 = CARTESIAN_POINT ( 'NONE',  ( -4.394199999999999662, 3.109707756267000356, -0.8604406052087999468 ) ) ;
#255 = CARTESIAN_POINT ( 'NONE',  ( -2.100000000000000089, 3.269414019460940679, -0.7400499515161170772 ) ) ;
#256 = CARTESIAN_POINT ( 'NONE',  ( -1.800000000000000266, 2.217070573178985704, 0.4502456044146405656 ) ) ;
#257 = CIRCLE ( 'NONE', #2216, 0.1499999999999999667 ) ;
#258 = DIRECTION ( 'NONE',  ( 1.000000000000000000, -0.000000000000000000, 0.000000000000000000 ) ) ;
#259 = ORIENTED_EDGE ( 'NONE', *, *, #1566, .F. ) ;
#260 = VECTOR ( 'NONE', #1933, 1000.000000000000000 ) ;
#261 = ORIENTED_EDGE ( 'NONE', *, *, #1642, .T. ) ;
#262 = PLANE ( 'NONE',  #3092 ) ;
#263 = ORIENTED_EDGE ( 'NONE', *, *, #3383, .T. ) ;
#264 = PLANE ( 'NONE',  #984 ) ;
#265 = VERTEX_POINT ( 'NONE', #1619 ) ;
#266 = AXIS2_PLACEMENT_3D ( 'NONE', #220, #782, #2361 ) ;
#267 = CARTESIAN_POINT ( 'NONE',  ( -1.800000000000000488, 3.269414019460860299, 0.7400499515162118902 ) ) ;
#268 = AXIS2_PLACEMENT_3D ( 'NONE', #662, #1686, #3053 ) ;
#269 = ORIENTED_EDGE ( 'NONE', *, *, #3203, .F. ) ;
#270 = EDGE_CURVE ( 'NONE', #1273, #531, #584, .T. ) ;
#271 = DIRECTION ( 'NONE',  ( 0.000000000000000000, 0.000000000000000000, 1.000000000000000000 ) ) ;
#272 = CYLINDRICAL_SURFACE ( 'NONE', #2838, 0.5000000000000000000 ) ;
#273 = FACE_OUTER_BOUND ( 'NONE', #1635, .T. ) ;
#274 = ORIENTED_EDGE ( 'NONE', *, *, #1777, .T. ) ;
#275 = ORIENTED_EDGE ( 'NONE', *, *, #3276, .T. ) ;
#276 = DIRECTION ( 'NONE',  ( 1.000000000000000000, 0.000000000000000000, 0.000000000000000000 ) ) ;
#277 = CARTESIAN_POINT ( 'NONE',  ( -4.394199999999999662, 2.500000000000000000, -0.5500000000000000444 ) ) ;
#278 = EDGE_CURVE ( 'NONE', #466, #229, #3000, .T. ) ;
#279 = VERTEX_POINT ( 'NONE', #2692 ) ;
#280 = CARTESIAN_POINT ( 'NONE',  ( -4.094199999999999839, 3.450000000000000178, 0.9796093463073001217 ) ) ;
#281 = VERTEX_POINT ( 'NONE', #280 ) ;
#282 = DIRECTION ( 'NONE',  ( 1.000000000000000000, -0.000000000000000000, 0.000000000000000000 ) ) ;
#283 = AXIS2_PLACEMENT_3D ( 'NONE', #3317, #1404, #913 ) ;
#284 = ORIENTED_EDGE ( 'NONE', *, *, #1740, .T. ) ;
#285 = CIRCLE ( 'NONE', #1292, 0.4000000000000000222 ) ;
#286 =( NAMED_UNIT ( * ) PLANE_ANGLE_UNIT ( ) SI_UNIT ( $, .RADIAN. ) );
#287 = EDGE_CURVE ( 'NONE', #1178, #3047, #2131, .T. ) ;
#288 = EDGE_CURVE ( 'NONE', #40, #2206, #257, .T. ) ;
#289 = DIRECTION ( 'NONE',  ( -0.000000000000000000, -1.000000000000000000, -0.000000000000000000 ) ) ;
#290 = DIRECTION ( 'NONE',  ( 0.000000000000000000, 0.000000000000000000, -1.000000000000000000 ) ) ;
#291 = EDGE_CURVE ( 'NONE', #982, #208, #537, .T. ) ;
#292 = EDGE_CURVE ( 'NONE', #1223, #1218, #1368, .T. ) ;
#293 = LINE ( 'NONE', #1611, #2256 ) ;
#294 = VECTOR ( 'NONE', #145, 1000.000000000000000 ) ;
#295 = VERTEX_POINT ( 'NONE', #1349 ) ;
#296 = AXIS2_PLACEMENT_3D ( 'NONE', #3050, #1447, #2523 ) ;
#297 = ORIENTED_EDGE ( 'NONE', *, *, #2008, .T. ) ;
#298 = CIRCLE ( 'NONE', #2710, 0.3000000000000000444 ) ;
#299 = CARTESIAN_POINT ( 'NONE',  ( -4.494200000000000195, 1.560000000000000275, -0.9399999999999999467 ) ) ;
#300 = VECTOR ( 'NONE', #1628, 1000.000000000000000 ) ;
#301 = DIRECTION ( 'NONE',  ( 0.000000000000000000, -1.000000000000000000, 0.000000000000000000 ) ) ;
#302 = VERTEX_POINT ( 'NONE', #1119 ) ;
#303 = CARTESIAN_POINT ( 'NONE',  ( 1.800000000000000266, 0.000000000000000000, 1.139999999999999902 ) ) ;
#304 = EDGE_LOOP ( 'NONE', ( #661, #3184, #1874, #2108 ) ) ;
#305 = ADVANCED_FACE ( 'NONE', ( #2424 ), #1864, .T. ) ;
#306 = EDGE_LOOP ( 'NONE', ( #3401, #3034, #2671, #576 ) ) ;
#307 =( NAMED_UNIT ( * ) SI_UNIT ( $, .STERADIAN. ) SOLID_ANGLE_UNIT ( ) );
#308 = LINE ( 'NONE', #2217, #593 ) ;
#309 = DIRECTION ( 'NONE',  ( 0.000000000000000000, 0.6019532684636279551, -0.7985313159707360109 ) ) ;
#310 = CARTESIAN_POINT ( 'NONE',  ( -4.394199999999999662, 2.500000000000000000, -0.5500000000000000444 ) ) ;
#311 = AXIS2_PLACEMENT_3D ( 'NONE', #1233, #1217, #691 ) ;
#312 = EDGE_LOOP ( 'NONE', ( #2355, #1560, #2347, #1595 ) ) ;
#313 = CARTESIAN_POINT ( 'NONE',  ( -1.649999999999999911, 0.2000000000000000111, 0.6400000000000000133 ) ) ;
#314 =( GEOMETRIC_REPRESENTATION_CONTEXT ( 3 ) GLOBAL_UNCERTAINTY_ASSIGNED_CONTEXT ( ( #2449 ) ) GLOBAL_UNIT_ASSIGNED_CONTEXT ( ( #3197, #3230, #973 ) ) REPRESENTATION_CONTEXT ( 'NONE', 'WORKASPACE' ) );
#315 = CARTESIAN_POINT ( 'NONE',  ( -3.350000000000000089, 0.000000000000000000, 0.4000000000000000222 ) ) ;
#316 = ORIENTED_EDGE ( 'NONE', *, *, #2830, .F. ) ;
#317 = DIRECTION ( 'NONE',  ( -0.000000000000000000, -1.000000000000000000, -0.000000000000000000 ) ) ;
#318 = ORIENTED_EDGE ( 'NONE', *, *, #550, .T. ) ;
#319 = VERTEX_POINT ( 'NONE', #41 ) ;
#320 = LINE ( 'NONE', #2993, #925 ) ;
#321 = ADVANCED_FACE ( 'NONE', ( #1636 ), #1915, .T. ) ;
#322 = DIRECTION ( 'NONE',  ( 0.000000000000000000, 0.6019532684636280662, 0.7985313159707361219 ) ) ;
#323 = CARTESIAN_POINT ( 'NONE',  ( -4.394199999999999662, 1.620000000000000107, 0.6400000000000000133 ) ) ;
#324 = VERTEX_POINT ( 'NONE', #856 ) ;
#325 = CARTESIAN_POINT ( 'NONE',  ( 1.500000000000000000, 0.000000000000000000, -0.6400000000000000133 ) ) ;
#326 = ADVANCED_FACE ( 'NONE', ( #53 ), #264, .T. ) ;
#327 = ORIENTED_EDGE ( 'NONE', *, *, #2560, .T. ) ;
#328 = CARTESIAN_POINT ( 'NONE',  ( 4.394199999999999662, 1.620000000000000107, -0.6400000000000000133 ) ) ;
#329 = ORIENTED_EDGE ( 'NONE', *, *, #1900, .T. ) ;
#330 = ADVANCED_FACE ( 'NONE', ( #1092 ), #2935, .F. ) ;
#331 = ORIENTED_EDGE ( 'NONE', *, *, #3369, .T. ) ;
#332 = VECTOR ( 'NONE', #301, 1000.000000000000000 ) ;
#333 = FACE_OUTER_BOUND ( 'NONE', #2117, .T. ) ;
#334 = CARTESIAN_POINT ( 'NONE',  ( 3.350000000000000089, 0.000000000000000000, 0.4000000000000000222 ) ) ;
#335 = CARTESIAN_POINT ( 'NONE',  ( -4.394199999999999662, 0.1999999999999999833, -0.6400000000000000133 ) ) ;
#336 = ORIENTED_EDGE ( 'NONE', *, *, #1116, .F. ) ;
#337 = EDGE_CURVE ( 'NONE', #612, #1868, #2949, .T. ) ;
#338 = DIRECTION ( 'NONE',  ( 1.000000000000000000, 0.000000000000000000, 0.000000000000000000 ) ) ;
#339 = EDGE_CURVE ( 'NONE', #1572, #1764, #2168, .T. ) ;
#340 = CARTESIAN_POINT ( 'NONE',  ( -1.800000000000000488, 0.5000000000000000000, 0.6400000000000000133 ) ) ;
#341 = VERTEX_POINT ( 'NONE', #2723 ) ;
#342 = LINE ( 'NONE', #1432, #526 ) ;
#343 = AXIS2_PLACEMENT_3D ( 'NONE', #1168, #2244, #3308 ) ;
#344 = VERTEX_POINT ( 'NONE', #2736 ) ;
#345 = AXIS2_PLACEMENT_3D ( 'NONE', #61, #258, #1377 ) ;
#346 = ORIENTED_EDGE ( 'NONE', *, *, #692, .T. ) ;
#347 = LINE ( 'NONE', #3087, #3465 ) ;
#348 = VECTOR ( 'NONE', #638, 1000.000000000000000 ) ;
#349 = DIRECTION ( 'NONE',  ( 0.000000000000000000, -1.000000000000000000, 0.000000000000000000 ) ) ;
#350 = CARTESIAN_POINT ( 'NONE',  ( -4.394199999999999662, 3.290293736805999902, 1.100000000000000089 ) ) ;
#351 = DIRECTION ( 'NONE',  ( 1.000000000000000000, 0.000000000000000000, 0.000000000000000000 ) ) ;
#352 = VERTEX_POINT ( 'NONE', #1386 ) ;
#353 = VECTOR ( 'NONE', #1696, 1000.000000000000114 ) ;
#354 = CARTESIAN_POINT ( 'NONE',  ( 1.800000000000003819, 2.028450955298000125, -0.3837426740243000123 ) ) ;
#355 = DIRECTION ( 'NONE',  ( -1.000000000000000000, -0.000000000000000000, -0.000000000000000000 ) ) ;
#356 = ORIENTED_EDGE ( 'NONE', *, *, #182, .F. ) ;
#357 = PLANE ( 'NONE',  #2207 ) ;
#358 = ORIENTED_EDGE ( 'NONE', *, *, #553, .F. ) ;
#359 = VECTOR ( 'NONE', #1179, 1000.000000000000000 ) ;
#360 = ORIENTED_EDGE ( 'NONE', *, *, #553, .T. ) ;
#361 = DIRECTION ( 'NONE',  ( -1.000000000000000000, -0.000000000000000000, -0.000000000000000000 ) ) ;
#362 = EDGE_CURVE ( 'NONE', #2836, #750, #2459, .T. ) ;
#363 = CARTESIAN_POINT ( 'NONE',  ( -4.094199999999999839, 3.290293736805999902, -1.100000000000000089 ) ) ;
#364 = CYLINDRICAL_SURFACE ( 'NONE', #848, 0.3000000000000000444 ) ;
#365 = EDGE_CURVE ( 'NONE', #431, #2829, #567, .T. ) ;
#366 = DIRECTION ( 'NONE',  ( -1.000000000000000000, 0.000000000000000000, 0.000000000000000000 ) ) ;
#367 = ORIENTED_EDGE ( 'NONE', *, *, #1799, .F. ) ;
#368 = CARTESIAN_POINT ( 'NONE',  ( -1.199999999999999956, 0.2000000000000000111, 0.8400000000000000799 ) ) ;
#369 = DIRECTION ( 'NONE',  ( -1.000000000000000000, 0.000000000000000000, -0.000000000000000000 ) ) ;
#370 = LINE ( 'NONE', #114, #2326 ) ;
#371 = ORIENTED_EDGE ( 'NONE', *, *, #1419, .T. ) ;
#372 = CARTESIAN_POINT ( 'NONE',  ( -1.649999999999999911, 0.000000000000000000, 0.4900000000000001021 ) ) ;
#373 = EDGE_LOOP ( 'NONE', ( #1596, #1822, #2738, #1423, #1848, #1046 ) ) ;
#374 = FACE_OUTER_BOUND ( 'NONE', #1388, .T. ) ;
#375 = ORIENTED_EDGE ( 'NONE', *, *, #1105, .T. ) ;
#376 = CARTESIAN_POINT ( 'NONE',  ( 4.094199999999999839, 3.281562295935000151, 0.7308922709296999942 ) ) ;
#377 = EDGE_CURVE ( 'NONE', #751, #1663, #1594, .T. ) ;
#378 = LINE ( 'NONE', #2529, #2447 ) ;
#379 = FACE_OUTER_BOUND ( 'NONE', #2700, .T. ) ;
#380 = CARTESIAN_POINT ( 'NONE',  ( -4.394199999999999662, 2.899265657985241607, 0.2490233657680181178 ) ) ;
#381 = ADVANCED_FACE ( 'NONE', ( #2761 ), #870, .F. ) ;
#382 = VECTOR ( 'NONE', #3132, 1000.000000000000000 ) ;
#383 = ORIENTED_EDGE ( 'NONE', *, *, #754, .F. ) ;
#384 = EDGE_CURVE ( 'NONE', #1823, #3168, #1698, .T. ) ;
#385 = CARTESIAN_POINT ( 'NONE',  ( 4.094199999999999839, 3.109707756266808065, 0.8604406052086420731 ) ) ;
#386 = ADVANCED_FACE ( 'NONE', ( #1681 ), #3391, .T. ) ;
#387 = FACE_OUTER_BOUND ( 'NONE', #893, .T. ) ;
#388 = AXIS2_PLACEMENT_3D ( 'NONE', #2788, #2249, #3091 ) ;
#389 = DIRECTION ( 'NONE',  ( -1.000000000000000000, -0.000000000000000000, -0.000000000000000000 ) ) ;
#390 = ORIENTED_EDGE ( 'NONE', *, *, #1281, .F. ) ;
#391 = CARTESIAN_POINT ( 'NONE',  ( -1.199999999999999956, 0.2000000000000000111, -1.139999999999999902 ) ) ;
#392 = ORIENTED_EDGE ( 'NONE', *, *, #2638, .F. ) ;
#393 = DIRECTION ( 'NONE',  ( -0.000000000000000000, 0.7985313159707360109, -0.6019532684636279551 ) ) ;
#394 = AXIS2_PLACEMENT_3D ( 'NONE', #3057, #1512, #1474 ) ;
#395 = AXIS2_PLACEMENT_3D ( 'NONE', #1222, #1468, #640 ) ;
#396 = VERTEX_POINT ( 'NONE', #3064 ) ;
#397 = DIRECTION ( 'NONE',  ( -0.000000000000000000, -1.000000000000000000, -0.000000000000000000 ) ) ;
#398 = CARTESIAN_POINT ( 'NONE',  ( -2.370000000000000107, 0.000000000000000000, 0.4000000000000000222 ) ) ;
#399 = EDGE_CURVE ( 'NONE', #1823, #2401, #1133, .T. ) ;
#400 = VECTOR ( 'NONE', #777, 1000.000000000000000 ) ;
#401 = AXIS2_PLACEMENT_3D ( 'NONE', #2876, #1809, #470 ) ;
#402 = DIRECTION ( 'NONE',  ( 0.000000000000000000, 0.7985313159707360109, -0.6019532684636279551 ) ) ;
#403 = DIRECTION ( 'NONE',  ( 1.000000000000000000, 0.000000000000000000, 0.000000000000000000 ) ) ;
#404 = DIRECTION ( 'NONE',  ( 7.228014483236697541E-16, 0.000000000000000000, 1.000000000000000000 ) ) ;
#405 = ORIENTED_EDGE ( 'NONE', *, *, #3257, .F. ) ;
#406 = VECTOR ( 'NONE', #1465, 1000.000000000000000 ) ;
#407 = LINE ( 'NONE', #1479, #1833 ) ;
#408 = DIRECTION ( 'NONE',  ( -1.000000000000000000, -0.000000000000000000, -0.000000000000000000 ) ) ;
#409 = LINE ( 'NONE', #2537, #2659 ) ;
#410 = VERTEX_POINT ( 'NONE', #727 ) ;
#411 = ORIENTED_EDGE ( 'NONE', *, *, #1529, .F. ) ;
#412 = DIRECTION ( 'NONE',  ( 0.000000000000000000, -0.7985313159707360109, 0.6019532684636279551 ) ) ;
#413 = DIRECTION ( 'NONE',  ( -0.000000000000000000, -0.6019532684636279551, -0.7985313159707360109 ) ) ;
#414 = VERTEX_POINT ( 'NONE', #116 ) ;
#415 = LINE ( 'NONE', #3293, #1615 ) ;
#416 = VECTOR ( 'NONE', #826, 1000.000000000000000 ) ;
#417 = CARTESIAN_POINT ( 'NONE',  ( -4.394199999999999662, 3.450000000000000178, 0.9796093463073001217 ) ) ;
#418 = AXIS2_PLACEMENT_3D ( 'NONE', #2203, #2176, #271 ) ;
#419 = DIRECTION ( 'NONE',  ( 0.000000000000000000, 0.000000000000000000, -1.000000000000000000 ) ) ;
#420 = DIRECTION ( 'NONE',  ( -1.000000000000000000, -0.000000000000000000, -0.000000000000000000 ) ) ;
#421 = PLANE ( 'NONE',  #1630 ) ;
#422 = ORIENTED_EDGE ( 'NONE', *, *, #451, .F. ) ;
#423 = EDGE_CURVE ( 'NONE', #2486, #546, #2261, .T. ) ;
#424 = CARTESIAN_POINT ( 'NONE',  ( -2.370000000000000107, 0.2000000000000000111, 0.4000000000000000222 ) ) ;
#425 = VECTOR ( 'NONE', #93, 1000.000000000000000 ) ;
#426 = CARTESIAN_POINT ( 'NONE',  ( -4.394199999999999662, 1.620000000000000107, 1.139999999999999902 ) ) ;
#427 = VECTOR ( 'NONE', #397, 1000.000000000000000 ) ;
#428 = DIRECTION ( 'NONE',  ( 1.000000000000000000, 0.000000000000000000, 0.000000000000000000 ) ) ;
#429 = VERTEX_POINT ( 'NONE', #372 ) ;
#430 = ORIENTED_EDGE ( 'NONE', *, *, #2576, .F. ) ;
#431 = VERTEX_POINT ( 'NONE', #391 ) ;
#432 = PLANE ( 'NONE',  #1300 ) ;
#433 = ADVANCED_FACE ( 'NONE', ( #1445 ), #357, .T. ) ;
#434 = ADVANCED_FACE ( 'NONE', ( #3324 ), #2211, .F. ) ;
#435 = DIRECTION ( 'NONE',  ( 0.000000000000000000, -0.7985313159707360109, 0.6019532684636279551 ) ) ;
#436 = ORIENTED_EDGE ( 'NONE', *, *, #128, .T. ) ;
#437 = PLANE ( 'NONE',  #1154 ) ;
#438 = EDGE_CURVE ( 'NONE', #1456, #1914, #1201, .T. ) ;
#439 = EDGE_CURVE ( 'NONE', #1697, #2857, #342, .T. ) ;
#440 = FACE_OUTER_BOUND ( 'NONE', #2964, .T. ) ;
#441 = CARTESIAN_POINT ( 'NONE',  ( -4.394199999999999662, 1.620000000000000107, 0.6400000000000000133 ) ) ;
#442 = DIRECTION ( 'NONE',  ( 0.000000000000000000, 0.000000000000000000, -1.000000000000000000 ) ) ;
#443 = CARTESIAN_POINT ( 'NONE',  ( -1.800000000000000266, 0.000000000000000000, 1.139999999999999902 ) ) ;
#444 = ORIENTED_EDGE ( 'NONE', *, *, #2718, .T. ) ;
#445 = LINE ( 'NONE', #2641, #986 ) ;
#446 = AXIS2_PLACEMENT_3D ( 'NONE', #183, #1551, #743 ) ;
#447 = FACE_BOUND ( 'NONE', #3323, .T. ) ;
#448 = EDGE_CURVE ( 'NONE', #508, #1894, #2242, .T. ) ;
#449 = ORIENTED_EDGE ( 'NONE', *, *, #2039, .F. ) ;
#450 = ORIENTED_EDGE ( 'NONE', *, *, #709, .T. ) ;
#451 = EDGE_CURVE ( 'NONE', #1823, #3340, #1166, .T. ) ;
#452 = VERTEX_POINT ( 'NONE', #1798 ) ;
#453 = CARTESIAN_POINT ( 'NONE',  ( -4.394199999999999662, 0.2000000000000000111, 0.6400000000000000133 ) ) ;
#454 = DIRECTION ( 'NONE',  ( 0.000000000000000000, 1.000000000000000000, 0.000000000000000000 ) ) ;
#455 = ORIENTED_EDGE ( 'NONE', *, *, #3147, .F. ) ;
#456 = DIRECTION ( 'NONE',  ( 0.000000000000000000, -1.000000000000000000, 0.000000000000000000 ) ) ;
#457 = CARTESIAN_POINT ( 'NONE',  ( 4.394199999999999662, 1.620000000000000107, 0.9399999999999999467 ) ) ;
#458 = CARTESIAN_POINT ( 'NONE',  ( -4.394199999999999662, 2.028450955297746550, 0.3837426740242106393 ) ) ;
#459 = DIRECTION ( 'NONE',  ( -1.000000000000000000, 0.000000000000000000, -0.000000000000000000 ) ) ;
#460 = AXIS2_PLACEMENT_3D ( 'NONE', #544, #2647, #1616 ) ;
#461 = CARTESIAN_POINT ( 'NONE',  ( -4.394199999999999662, 2.091549044702038618, 0.8062573259757136457 ) ) ;
#462 = VECTOR ( 'NONE', #2907, 1000.000000000000000 ) ;
#463 = CARTESIAN_POINT ( 'NONE',  ( -4.394199999999999662, 2.217070573178746784, -0.4502456044145106140 ) ) ;
#464 = DIRECTION ( 'NONE',  ( -1.000000000000000000, -0.000000000000000000, -0.000000000000000000 ) ) ;
#465 = LINE ( 'NONE', #2345, #2028 ) ;
#466 = VERTEX_POINT ( 'NONE', #2331 ) ;
#467 = ORIENTED_EDGE ( 'NONE', *, *, #3392, .F. ) ;
#468 = ORIENTED_EDGE ( 'NONE', *, *, #2651, .T. ) ;
#469 = CARTESIAN_POINT ( 'NONE',  ( 1.800000000000000488, 0.5000000000000000000, 1.139999999999999902 ) ) ;
#470 = DIRECTION ( 'NONE',  ( 0.000000000000000000, 0.000000000000000000, -1.000000000000000000 ) ) ;
#471 = EDGE_CURVE ( 'NONE', #352, #1363, #1727, .T. ) ;
#472 = ORIENTED_EDGE ( 'NONE', *, *, #2973, .T. ) ;
#473 = LINE ( 'NONE', #1545, #2386 ) ;
#474 = ORIENTED_EDGE ( 'NONE', *, *, #1542, .F. ) ;
#475 = CARTESIAN_POINT ( 'NONE',  ( 4.394199999999999662, 1.620000000000000107, -0.6400000000000000133 ) ) ;
#476 = CIRCLE ( 'NONE', #3224, 0.5000000000000000000 ) ;
#477 = DIRECTION ( 'NONE',  ( 0.000000000000000000, 0.000000000000000000, -1.000000000000000000 ) ) ;
#478 = LINE ( 'NONE', #685, #1450 ) ;
#479 = AXIS2_PLACEMENT_3D ( 'NONE', #2231, #2000, #419 ) ;
#480 = AXIS2_PLACEMENT_3D ( 'NONE', #368, #2274, #1457 ) ;
#481 = EDGE_CURVE ( 'NONE', #302, #3340, #3306, .T. ) ;
#482 = DIRECTION ( 'NONE',  ( 1.000000000000000000, 0.000000000000000000, 0.000000000000000000 ) ) ;
#483 = CARTESIAN_POINT ( 'NONE',  ( -4.494200000000000195, 1.560000000000000275, -0.9399999999999999467 ) ) ;
#484 = CARTESIAN_POINT ( 'NONE',  ( -4.394199999999999662, 1.620000000000000107, -0.9399999999999999467 ) ) ;
#485 = SURFACE_STYLE_USAGE ( .BOTH. , #2346 ) ;
#486 = ORIENTED_EDGE ( 'NONE', *, *, #1486, .F. ) ;
#487 = ORIENTED_EDGE ( 'NONE', *, *, #2728, .F. ) ;
#488 = ORIENTED_EDGE ( 'NONE', *, *, #906, .F. ) ;
#489 = PLANE ( 'NONE',  #460 ) ;
#490 = CARTESIAN_POINT ( 'NONE',  ( -4.394199999999999662, 3.450000000000000178, 0.9796093463073001217 ) ) ;
#491 = VERTEX_POINT ( 'NONE', #85 ) ;
#492 = FACE_OUTER_BOUND ( 'NONE', #2393, .T. ) ;
#493 = ORIENTED_EDGE ( 'NONE', *, *, #1383, .T. ) ;
#494 = CYLINDRICAL_SURFACE ( 'NONE', #1853, 0.5000000000000000000 ) ;
#495 = DIRECTION ( 'NONE',  ( 1.000000000000000000, 0.000000000000000000, 0.000000000000000000 ) ) ;
#496 = EDGE_CURVE ( 'NONE', #84, #2467, #2070, .T. ) ;
#497 = CARTESIAN_POINT ( 'NONE',  ( -1.799999999999999600, 1.902929426820999970, 0.7397543955854000153 ) ) ;
#498 = DIRECTION ( 'NONE',  ( 0.000000000000000000, 0.7985313159707360109, 0.6019532684636279551 ) ) ;
#499 = FACE_OUTER_BOUND ( 'NONE', #3186, .T. ) ;
#500 = DIRECTION ( 'NONE',  ( 0.000000000000000000, 0.000000000000000000, -1.000000000000000000 ) ) ;
#501 = CIRCLE ( 'NONE', #2631, 0.2999999999999999889 ) ;
#502 = ORIENTED_EDGE ( 'NONE', *, *, #2718, .F. ) ;
#503 = EDGE_CURVE ( 'NONE', #2183, #2150, #883, .T. ) ;
#504 = VECTOR ( 'NONE', #3441, 1000.000000000000000 ) ;
#505 = ORIENTED_EDGE ( 'NONE', *, *, #1309, .T. ) ;
#506 = LINE ( 'NONE', #246, #1181 ) ;
#507 = FILL_AREA_STYLE_COLOUR ( '', #703 ) ;
#508 = VERTEX_POINT ( 'NONE', #1974 ) ;
#509 = CARTESIAN_POINT ( 'NONE',  ( -2.370000000000000107, 0.000000000000000000, -0.4000000000000000777 ) ) ;
#510 = CIRCLE ( 'NONE', #953, 0.5000000000000000000 ) ;
#511 = VERTEX_POINT ( 'NONE', #3048 ) ;
#512 = LINE ( 'NONE', #3219, #1284 ) ;
#513 = VERTEX_POINT ( 'NONE', #1009 ) ;
#514 = FACE_OUTER_BOUND ( 'NONE', #1362, .T. ) ;
#515 = CARTESIAN_POINT ( 'NONE',  ( 1.800000000000000266, 0.000000000000000000, -1.139999999999999902 ) ) ;
#516 = AXIS2_PLACEMENT_3D ( 'NONE', #2818, #393, #2012 ) ;
#517 = DIRECTION ( 'NONE',  ( 0.000000000000000000, -1.000000000000000000, 0.000000000000000000 ) ) ;
#518 = CARTESIAN_POINT ( 'NONE',  ( 4.394199999999999662, 3.269414019460804788, 0.7400499515161383934 ) ) ;
#519 = LINE ( 'NONE', #2571, #462 ) ;
#520 = CIRCLE ( 'NONE', #123, 0.4999999999999998890 ) ;
#521 = CIRCLE ( 'NONE', #69, 0.4000000000000000222 ) ;
#522 = CIRCLE ( 'NONE', #852, 0.2999999999999999889 ) ;
#523 = VERTEX_POINT ( 'NONE', #2085 ) ;
#524 = VERTEX_POINT ( 'NONE', #518 ) ;
#525 = DIRECTION ( 'NONE',  ( -0.000000000000000000, -0.000000000000000000, -1.000000000000000000 ) ) ;
#526 = VECTOR ( 'NONE', #993, 1000.000000000000000 ) ;
#527 = CARTESIAN_POINT ( 'NONE',  ( -4.394199999999999662, 0.000000000000000000, -0.6400000000000000133 ) ) ;
#528 = EDGE_CURVE ( 'NONE', #2894, #414, #1308, .T. ) ;
#529 = ORIENTED_EDGE ( 'NONE', *, *, #3250, .F. ) ;
#530 = DIRECTION ( 'NONE',  ( 0.000000000000000000, 1.000000000000000000, 0.000000000000000000 ) ) ;
#531 = VERTEX_POINT ( 'NONE', #1610 ) ;
#532 = CARTESIAN_POINT ( 'NONE',  ( -4.394199999999999662, 0.000000000000000000, 1.139999999999999902 ) ) ;
#533 = FACE_OUTER_BOUND ( 'NONE', #2335, .T. ) ;
#534 = AXIS2_PLACEMENT_3D ( 'NONE', #608, #3228, #2181 ) ;
#535 = DIRECTION ( 'NONE',  ( 2.891205793294679017E-15, 0.000000000000000000, 1.000000000000000000 ) ) ;
#536 = DIRECTION ( 'NONE',  ( 0.000000000000000000, -1.445602896647339311E-15, -1.000000000000000000 ) ) ;
#537 = CIRCLE ( 'NONE', #3113, 0.4000000000000000222 ) ;
#538 = CARTESIAN_POINT ( 'NONE',  ( -4.394199999999999662, 2.500000000000000000, -0.5500000000000000444 ) ) ;
#539 = CIRCLE ( 'NONE', #1884, 0.2999999999999999889 ) ;
#540 = ADVANCED_FACE ( 'NONE', ( #2888 ), #1324, .T. ) ;
#541 = ORIENTED_EDGE ( 'NONE', *, *, #3446, .F. ) ;
#542 = AXIS2_PLACEMENT_3D ( 'NONE', #1402, #1085, #3266 ) ;
#543 = ORIENTED_EDGE ( 'NONE', *, *, #2238, .T. ) ;
#544 = CARTESIAN_POINT ( 'NONE',  ( -1.500000000000000000, 0.000000000000000000, 0.6400000000000000133 ) ) ;
#545 = DIRECTION ( 'NONE',  ( 0.000000000000000000, -0.6019532684636280662, 0.7985313159707361219 ) ) ;
#546 = VERTEX_POINT ( 'NONE', #2621 ) ;
#547 = CARTESIAN_POINT ( 'NONE',  ( -1.800000000000000488, 1.620000000000000107, -0.9399999999999999467 ) ) ;
#548 = EDGE_LOOP ( 'NONE', ( #1875, #3246, #3471, #474 ) ) ;
#549 = AXIS2_PLACEMENT_3D ( 'NONE', #1265, #1818, #3208 ) ;
#550 = EDGE_CURVE ( 'NONE', #491, #1401, #1553, .T. ) ;
#551 = DIRECTION ( 'NONE',  ( 0.000000000000000000, -1.000000000000000000, 0.000000000000000000 ) ) ;
#552 = ADVANCED_FACE ( 'NONE', ( #3469 ), #2398, .F. ) ;
#553 = EDGE_CURVE ( 'NONE', #693, #2680, #2224, .T. ) ;
#554 = EDGE_CURVE ( 'NONE', #170, #2407, #2125, .T. ) ;
#555 = EDGE_CURVE ( 'NONE', #523, #265, #746, .T. ) ;
#556 = CARTESIAN_POINT ( 'NONE',  ( -1.800000000000000266, 2.028450955297989466, -0.3837426740243300993 ) ) ;
#557 = CARTESIAN_POINT ( 'NONE',  ( -2.100000000000000089, 3.450000000000041478, -0.9796093463073540786 ) ) ;
#558 = DIRECTION ( 'NONE',  ( -0.000000000000000000, 0.000000000000000000, 1.000000000000000000 ) ) ;
#559 = DIRECTION ( 'NONE',  ( 1.000000000000000000, 0.000000000000000000, 0.000000000000000000 ) ) ;
#560 = ORIENTED_EDGE ( 'NONE', *, *, #709, .F. ) ;
#561 = ADVANCED_FACE ( 'NONE', ( #1069 ), #204, .T. ) ;
#562 = ORIENTED_EDGE ( 'NONE', *, *, #287, .T. ) ;
#563 = PRODUCT_RELATED_PRODUCT_CATEGORY ( 'part', '', ( #888 ) ) ;
#564 = DIRECTION ( 'NONE',  ( 0.000000000000000000, -0.6019532684636280662, 0.7985313159707361219 ) ) ;
#565 = LINE ( 'NONE', #2913, #614 ) ;
#566 = VERTEX_POINT ( 'NONE', #256 ) ;
#567 = LINE ( 'NONE', #2196, #2482 ) ;
#568 = ORIENTED_EDGE ( 'NONE', *, *, #1647, .F. ) ;
#569 = CIRCLE ( 'NONE', #2554, 0.5000000000000001110 ) ;
#570 = VERTEX_POINT ( 'NONE', #10 ) ;
#571 = AXIS2_PLACEMENT_3D ( 'NONE', #630, #179, #2825 ) ;
#572 = DIRECTION ( 'NONE',  ( -0.000000000000000000, -0.000000000000000000, 1.000000000000000000 ) ) ;
#573 = DIRECTION ( 'NONE',  ( 0.000000000000000000, -0.7985313159707360109, -0.6019532684636279551 ) ) ;
#574 = DIRECTION ( 'NONE',  ( -0.000000000000000000, 0.7985313159707360109, -0.6019532684636279551 ) ) ;
#575 = AXIS2_PLACEMENT_3D ( 'NONE', #684, #912, #2286 ) ;
#576 = ORIENTED_EDGE ( 'NONE', *, *, #496, .T. ) ;
#577 = CIRCLE ( 'NONE', #516, 0.2999999999999999889 ) ;
#578 = VECTOR ( 'NONE', #2937, 1000.000000000000000 ) ;
#579 = VECTOR ( 'NONE', #3407, 1000.000000000000000 ) ;
#580 = DIRECTION ( 'NONE',  ( 0.000000000000000000, -0.6019532684636279551, 0.7985313159707360109 ) ) ;
#581 = CIRCLE ( 'NONE', #1924, 0.3000000000000000444 ) ;
#582 = CARTESIAN_POINT ( 'NONE',  ( 2.100000000000000089, 3.096973586639999887, -0.8700399469940000019 ) ) ;
#583 = ORIENTED_EDGE ( 'NONE', *, *, #1478, .T. ) ;
#584 = LINE ( 'NONE', #1601, #1142 ) ;
#585 = EDGE_LOOP ( 'NONE', ( #2538, #938, #3001, #2597, #3259, #1021 ) ) ;
#586 = EDGE_CURVE ( 'NONE', #1183, #429, #872, .T. ) ;
#587 = EDGE_LOOP ( 'NONE', ( #784, #1334, #1506, #29, #1336, #1214, #2594, #2562 ) ) ;
#588 = DIRECTION ( 'NONE',  ( -1.000000000000000000, -0.000000000000000000, -0.000000000000000000 ) ) ;
#589 = DIRECTION ( 'NONE',  ( 0.000000000000000000, 0.000000000000000000, -1.000000000000000000 ) ) ;
#590 = CARTESIAN_POINT ( 'NONE',  ( -1.199999999999999734, 0.000000000000000000, 1.139999999999999902 ) ) ;
#591 = ORIENTED_EDGE ( 'NONE', *, *, #1071, .T. ) ;
#592 = EDGE_CURVE ( 'NONE', #1715, #3168, #2962, .T. ) ;
#593 = VECTOR ( 'NONE', #2975, 1000.000000000000000 ) ;
#594 = DIRECTION ( 'NONE',  ( -0.000000000000000000, -0.7985313159707360109, 0.6019532684636279551 ) ) ;
#595 = AXIS2_PLACEMENT_3D ( 'NONE', #1323, #517, #3390 ) ;
#596 = VERTEX_POINT ( 'NONE', #2661 ) ;
#597 = DIRECTION ( 'NONE',  ( 0.000000000000000000, 0.000000000000000000, -1.000000000000000000 ) ) ;
#598 = ORIENTED_EDGE ( 'NONE', *, *, #3247, .F. ) ;
#599 = ORIENTED_EDGE ( 'NONE', *, *, #1801, .F. ) ;
#600 = VECTOR ( 'NONE', #3380, 1000.000000000000000 ) ;
#601 = ADVANCED_FACE ( 'NONE', ( #499 ), #272, .T. ) ;
#602 = EDGE_CURVE ( 'NONE', #2760, #396, #994, .T. ) ;
#603 = CARTESIAN_POINT ( 'NONE',  ( 4.394199999999999662, 0.5000000000000000000, 1.139999999999999902 ) ) ;
#604 = CARTESIAN_POINT ( 'NONE',  ( -4.394199999999999662, 2.739559394791135638, 0.3694140194607983263 ) ) ;
#605 = PLANE ( 'NONE',  #3354 ) ;
#606 = VERTEX_POINT ( 'NONE', #1306 ) ;
#607 = DIRECTION ( 'NONE',  ( -0.000000000000000000, -0.000000000000000000, 1.000000000000000000 ) ) ;
#608 = CARTESIAN_POINT ( 'NONE',  ( -4.394199999999999662, 0.5000000000000000000, 0.6400000000000000133 ) ) ;
#609 = ORIENTED_EDGE ( 'NONE', *, *, #1269, .T. ) ;
#610 = DIRECTION ( 'NONE',  ( 0.000000000000000000, -0.000000000000000000, -1.000000000000000000 ) ) ;
#611 = ORIENTED_EDGE ( 'NONE', *, *, #1330, .T. ) ;
#612 = VERTEX_POINT ( 'NONE', #2382 ) ;
#613 = DIRECTION ( 'NONE',  ( -0.000000000000000000, 0.000000000000000000, 1.000000000000000000 ) ) ;
#614 = VECTOR ( 'NONE', #1347, 1000.000000000000000 ) ;
#615 = DIRECTION ( 'NONE',  ( 0.000000000000000000, 0.6019532684636279551, 0.7985313159707360109 ) ) ;
#616 = CARTESIAN_POINT ( 'NONE',  ( 4.394199999999999662, 2.500000000000000000, 0.5500000000000000444 ) ) ;
#617 = DIRECTION ( 'NONE',  ( -0.000000000000000000, 1.000000000000000000, -0.000000000000000000 ) ) ;
#618 = EDGE_LOOP ( 'NONE', ( #1620, #316, #3010, #3422, #1584, #2608, #117, #2391, #3455, #1165, #1056, #1397, #776, #2460, #624, #2626, #2364, #2446, #849, #1484, #839, #942 ) ) ;
#619 = CARTESIAN_POINT ( 'NONE',  ( -1.800000000000000488, 2.500000000000000000, 0.5500000000000000444 ) ) ;
#620 = CARTESIAN_POINT ( 'NONE',  ( 1.800000000000000488, 2.500000000000000000, 0.5500000000000000444 ) ) ;
#621 = VERTEX_POINT ( 'NONE', #3450 ) ;
#622 = DIRECTION ( 'NONE',  ( 0.000000000000000000, 0.000000000000000000, -1.000000000000000000 ) ) ;
#623 = AXIS2_PLACEMENT_3D ( 'NONE', #1, #3179, #1577 ) ;
#624 = ORIENTED_EDGE ( 'NONE', *, *, #807, .F. ) ;
#625 = VECTOR ( 'NONE', #2684, 1000.000000000000000 ) ;
#626 = EDGE_CURVE ( 'NONE', #54, #37, #1327, .T. ) ;
#627 = VERTEX_POINT ( 'NONE', #1858 ) ;
#628 = CARTESIAN_POINT ( 'NONE',  ( -4.094199999999999839, 3.269414019460723519, 0.7400499515158291963 ) ) ;
#629 = DIRECTION ( 'NONE',  ( 0.000000000000000000, 0.6019532684636279551, 0.7985313159707360109 ) ) ;
#630 = CARTESIAN_POINT ( 'NONE',  ( 1.199999999999999956, 0.2000000000000000111, -0.8400000000000000799 ) ) ;
#631 = CARTESIAN_POINT ( 'NONE',  ( -3.350000000000000089, 0.000000000000000000, 0.000000000000000000 ) ) ;
#632 = ORIENTED_EDGE ( 'NONE', *, *, #528, .T. ) ;
#633 = DIRECTION ( 'NONE',  ( 0.000000000000000000, -0.7985313159707360109, 0.6019532684636279551 ) ) ;
#634 = AXIS2_PLACEMENT_3D ( 'NONE', #2027, #2291, #2277 ) ;
#635 = DIRECTION ( 'NONE',  ( 0.000000000000000000, 0.000000000000000000, -1.000000000000000000 ) ) ;
#636 = CARTESIAN_POINT ( 'NONE',  ( -1.649999999999999911, 0.000000000000000000, 0.6400000000000000133 ) ) ;
#637 = VERTEX_POINT ( 'NONE', #1340 ) ;
#638 = DIRECTION ( 'NONE',  ( 0.000000000000000000, 1.000000000000000000, -0.000000000000000000 ) ) ;
#639 = ORIENTED_EDGE ( 'NONE', *, *, #1309, .F. ) ;
#640 = DIRECTION ( 'NONE',  ( 0.000000000000000000, 0.000000000000000000, -1.000000000000000000 ) ) ;
#641 = VECTOR ( 'NONE', #1498, 1000.000000000000000 ) ;
#642 = EDGE_LOOP ( 'NONE', ( #857, #2750, #1413, #2972 ) ) ;
#643 = LINE ( 'NONE', #1316, #866 ) ;
#644 = EDGE_CURVE ( 'NONE', #109, #466, #1535, .T. ) ;
#645 = EDGE_CURVE ( 'NONE', #1023, #1074, #3281, .T. ) ;
#646 = EDGE_CURVE ( 'NONE', #566, #2243, #876, .T. ) ;
#647 = ADVANCED_FACE ( 'NONE', ( #2452 ), #2715, .F. ) ;
#648 = CYLINDRICAL_SURFACE ( 'NONE', #1376, 0.2999999999999998779 ) ;
#649 = DIRECTION ( 'NONE',  ( -0.000000000000000000, 0.6019532684636279551, 0.7985313159707360109 ) ) ;
#650 = DIRECTION ( 'NONE',  ( -0.000000000000000000, -1.000000000000000000, -0.000000000000000000 ) ) ;
#651 = ORIENTED_EDGE ( 'NONE', *, *, #3348, .T. ) ;
#652 = CARTESIAN_POINT ( 'NONE',  ( 4.394199999999999662, 1.620000000000000107, 0.6400000000000000133 ) ) ;
#653 = LINE ( 'NONE', #1723, #1394 ) ;
#654 = LINE ( 'NONE', #1428, #2213 ) ;
#655 = EDGE_CURVE ( 'NONE', #1470, #2609, #1434, .T. ) ;
#656 = EDGE_CURVE ( 'NONE', #778, #1456, #77, .T. ) ;
#657 = ORIENTED_EDGE ( 'NONE', *, *, #1460, .F. ) ;
#658 = CARTESIAN_POINT ( 'NONE',  ( -4.494200000000000195, 0.5600000000000000533, -1.139999999999999902 ) ) ;
#659 = ORIENTED_EDGE ( 'NONE', *, *, #3294, .F. ) ;
#660 = CARTESIAN_POINT ( 'NONE',  ( 2.100000000000000089, 3.290293736806026104, 1.099999999999938138 ) ) ;
#661 = ORIENTED_EDGE ( 'NONE', *, *, #2457, .F. ) ;
#662 = CARTESIAN_POINT ( 'NONE',  ( -4.094199999999999839, 3.269414019460861187, -0.7400499515159157937 ) ) ;
#663 = DIRECTION ( 'NONE',  ( 0.000000000000000000, 0.000000000000000000, -1.000000000000000000 ) ) ;
#664 = VECTOR ( 'NONE', #1458, 1000.000000000000000 ) ;
#665 = CARTESIAN_POINT ( 'NONE',  ( -4.394199999999999662, 3.450000000000000178, -0.9796093463073001217 ) ) ;
#666 = PLANE ( 'NONE',  #1026 ) ;
#667 = CARTESIAN_POINT ( 'NONE',  ( 2.369999999999999662, 0.000000000000000000, 0.4000000000000000222 ) ) ;
#668 = ORIENTED_EDGE ( 'NONE', *, *, #2930, .F. ) ;
#669 = CIRCLE ( 'NONE', #231, 0.2999999999999999889 ) ;
#670 = PLANE ( 'NONE',  #835 ) ;
#671 = CARTESIAN_POINT ( 'NONE',  ( 1.800000000000000488, 3.269414019460796350, 0.7400499515161750308 ) ) ;
#672 = ORIENTED_EDGE ( 'NONE', *, *, #2322, .F. ) ;
#673 = ORIENTED_EDGE ( 'NONE', *, *, #602, .F. ) ;
#674 = DIRECTION ( 'NONE',  ( 0.000000000000000000, 0.000000000000000000, -1.000000000000000000 ) ) ;
#675 = AXIS2_PLACEMENT_3D ( 'NONE', #1487, #1783, #1504 ) ;
#676 = DIRECTION ( 'NONE',  ( 0.000000000000000000, 0.000000000000000000, -1.000000000000000000 ) ) ;
#677 = VERTEX_POINT ( 'NONE', #1391 ) ;
#678 = CARTESIAN_POINT ( 'NONE',  ( -4.394199999999999662, 0.000000000000000000, 0.4000000000000000222 ) ) ;
#679 = LINE ( 'NONE', #1790, #1919 ) ;
#680 = CIRCLE ( 'NONE', #2029, 0.2999999999999999889 ) ;
#681 = AXIS2_PLACEMENT_3D ( 'NONE', #216, #3170, #1834 ) ;
#682 = EDGE_CURVE ( 'NONE', #1169, #324, #1659, .T. ) ;
#683 = DIRECTION ( 'NONE',  ( -0.000000000000000000, -0.7985313159707360109, -0.6019532684636279551 ) ) ;
#684 = CARTESIAN_POINT ( 'NONE',  ( -4.094199999999999839, 3.109707756266773870, -0.8604406052085963319 ) ) ;
#685 = CARTESIAN_POINT ( 'NONE',  ( -1.799999999999999600, 2.028450955298000125, -0.3837426740243000123 ) ) ;
#686 = ORIENTED_EDGE ( 'NONE', *, *, #2306, .T. ) ;
#687 = VECTOR ( 'NONE', #1184, 1000.000000000000000 ) ;
#688 = DIRECTION ( 'NONE',  ( 0.000000000000000000, 0.000000000000000000, -1.000000000000000000 ) ) ;
#689 = DIRECTION ( 'NONE',  ( 0.000000000000000000, -0.9430980894041198770, -0.3325146519513070276 ) ) ;
#690 = EDGE_CURVE ( 'NONE', #229, #1497, #2730, .T. ) ;
#691 = DIRECTION ( 'NONE',  ( 0.000000000000000000, 0.000000000000000000, -1.000000000000000000 ) ) ;
#692 = EDGE_CURVE ( 'NONE', #909, #175, #831, .T. ) ;
#693 = VERTEX_POINT ( 'NONE', #47 ) ;
#694 = EDGE_CURVE ( 'NONE', #637, #1697, #285, .T. ) ;
#695 = VERTEX_POINT ( 'NONE', #3253 ) ;
#696 = ORIENTED_EDGE ( 'NONE', *, *, #1740, .F. ) ;
#697 = DIRECTION ( 'NONE',  ( 1.000000000000000000, 0.000000000000000000, 0.000000000000000000 ) ) ;
#698 = CYLINDRICAL_SURFACE ( 'NONE', #401, 0.2999999999999999889 ) ;
#699 = ORIENTED_EDGE ( 'NONE', *, *, #1949, .T. ) ;
#700 = DIRECTION ( 'NONE',  ( 0.000000000000000000, 0.000000000000000000, -1.000000000000000000 ) ) ;
#701 = AXIS2_PLACEMENT_3D ( 'NONE', #2445, #597, #20 ) ;
#702 = DIRECTION ( 'NONE',  ( 0.000000000000000000, -0.000000000000000000, 1.000000000000000000 ) ) ;
#703 = COLOUR_RGB ( '',0.6588235294117646967, 0.6588235294117646967, 0.6588235294117646967 ) ;
#704 = CIRCLE ( 'NONE', #2673, 0.4999999999999998890 ) ;
#705 = CARTESIAN_POINT ( 'NONE',  ( 4.394200000000002326, 2.028450955297735891, 0.3837426740242407819 ) ) ;
#706 = CARTESIAN_POINT ( 'NONE',  ( 2.370000000000000107, 0.000000000000000000, -0.4000000000000000222 ) ) ;
#707 = DIRECTION ( 'NONE',  ( 1.000000000000000000, 0.000000000000000000, -0.000000000000000000 ) ) ;
#708 = ORIENTED_EDGE ( 'NONE', *, *, #2511, .T. ) ;
#709 = EDGE_CURVE ( 'NONE', #21, #1629, #1375, .T. ) ;
#710 = LINE ( 'NONE', #424, #641 ) ;
#711 = AXIS2_PLACEMENT_3D ( 'NONE', #2414, #573, #1421 ) ;
#712 = LINE ( 'NONE', #729, #2476 ) ;
#713 = AXIS2_PLACEMENT_3D ( 'NONE', #1995, #3330, #198 ) ;
#714 = ORIENTED_EDGE ( 'NONE', *, *, #2564, .F. ) ;
#715 = ORIENTED_EDGE ( 'NONE', *, *, #3073, .T. ) ;
#716 = ORIENTED_EDGE ( 'NONE', *, *, #2306, .F. ) ;
#717 = DIRECTION ( 'NONE',  ( 0.000000000000000000, -0.6019532684636279551, -0.7985313159707360109 ) ) ;
#718 = CARTESIAN_POINT ( 'NONE',  ( -1.800000000000000488, 2.217070573178732573, -0.4502456044145511926 ) ) ;
#719 = ORIENTED_EDGE ( 'NONE', *, *, #2830, .T. ) ;
#720 = DIRECTION ( 'NONE',  ( 0.000000000000000000, 0.000000000000000000, -1.000000000000000000 ) ) ;
#721 = DIRECTION ( 'NONE',  ( 1.000000000000000000, 0.000000000000000000, 0.000000000000000000 ) ) ;
#722 = LINE ( 'NONE', #2861, #579 ) ;
#723 = FACE_OUTER_BOUND ( 'NONE', #3178, .T. ) ;
#724 = DIRECTION ( 'NONE',  ( -1.000000000000000000, -0.000000000000000000, -0.000000000000000000 ) ) ;
#725 = ORIENTED_EDGE ( 'NONE', *, *, #2494, .T. ) ;
#726 = DIRECTION ( 'NONE',  ( 1.000000000000000000, 0.000000000000000000, 0.000000000000000000 ) ) ;
#727 = CARTESIAN_POINT ( 'NONE',  ( -3.350000000000000089, 0.2000000000000000111, -0.4000000000000000222 ) ) ;
#728 = AXIS2_PLACEMENT_3D ( 'NONE', #3366, #2586, #202 ) ;
#729 = CARTESIAN_POINT ( 'NONE',  ( 4.394199999999999662, 0.5000000000000000000, -1.139999999999999902 ) ) ;
#730 = ORIENTED_EDGE ( 'NONE', *, *, #2749, .F. ) ;
#731 = VERTEX_POINT ( 'NONE', #2435 ) ;
#732 = VECTOR ( 'NONE', #1673, 1000.000000000000000 ) ;
#733 = ORIENTED_EDGE ( 'NONE', *, *, #1789, .F. ) ;
#734 = CARTESIAN_POINT ( 'NONE',  ( -4.394199999999999662, 0.2000000000000000111, -0.6400000000000000133 ) ) ;
#735 = EDGE_CURVE ( 'NONE', #621, #2857, #846, .T. ) ;
#736 = DIRECTION ( 'NONE',  ( -1.000000000000000000, -0.000000000000000000, -0.000000000000000000 ) ) ;
#737 = EDGE_LOOP ( 'NONE', ( #928, #884, #1415, #430 ) ) ;
#738 = DIRECTION ( 'NONE',  ( 0.000000000000000000, -1.000000000000000000, 0.000000000000000000 ) ) ;
#739 = FACE_OUTER_BOUND ( 'NONE', #821, .T. ) ;
#740 = VECTOR ( 'NONE', #697, 1000.000000000000000 ) ;
#741 = DIRECTION ( 'NONE',  ( 1.000000000000000000, 0.000000000000000000, 0.000000000000000000 ) ) ;
#742 = AXIS2_PLACEMENT_3D ( 'NONE', #1754, #2824, #161 ) ;
#743 = DIRECTION ( 'NONE',  ( 0.000000000000000000, 0.000000000000000000, -1.000000000000000000 ) ) ;
#744 = VECTOR ( 'NONE', #2309, 1000.000000000000000 ) ;
#745 = CARTESIAN_POINT ( 'NONE',  ( -4.394199999999999662, 2.500000000000000000, 0.5500000000000000444 ) ) ;
#746 = LINE ( 'NONE', #3222, #2500 ) ;
#747 = LINE ( 'NONE', #3136, #187 ) ;
#748 = SURFACE_STYLE_FILL_AREA ( #1110 ) ;
#749 = ORIENTED_EDGE ( 'NONE', *, *, #1171, .F. ) ;
#750 = VERTEX_POINT ( 'NONE', #1904 ) ;
#751 = VERTEX_POINT ( 'NONE', #2177 ) ;
#752 = CARTESIAN_POINT ( 'NONE',  ( -4.394199999999999662, 0.2000000000000000111, 0.6400000000000000133 ) ) ;
#753 = AXIS2_PLACEMENT_3D ( 'NONE', #3322, #2759, #3339 ) ;
#754 = EDGE_CURVE ( 'NONE', #265, #3114, #2359, .T. ) ;
#755 = CARTESIAN_POINT ( 'NONE',  ( 1.199999999999999956, 0.2000000000000000111, -1.139999999999999902 ) ) ;
#756 = ORIENTED_EDGE ( 'NONE', *, *, #1418, .F. ) ;
#757 = PLANE ( 'NONE',  #2828 ) ;
#758 = EDGE_LOOP ( 'NONE', ( #1365, #1810, #2142, #3291 ) ) ;
#759 = DIRECTION ( 'NONE',  ( 0.000000000000000000, 0.000000000000000000, -1.000000000000000000 ) ) ;
#760 = CARTESIAN_POINT ( 'NONE',  ( -1.800000000000000266, 0.000000000000000000, 0.000000000000000000 ) ) ;
#761 = EDGE_CURVE ( 'NONE', #1637, #2462, #2232, .T. ) ;
#762 = FACE_OUTER_BOUND ( 'NONE', #2488, .T. ) ;
#763 = CIRCLE ( 'NONE', #1660, 0.2999999999999999889 ) ;
#764 = EDGE_CURVE ( 'NONE', #2373, #1556, #1138, .T. ) ;
#765 = CARTESIAN_POINT ( 'NONE',  ( -1.800000000000000488, 2.739559394791000191, -0.3694140194609000782 ) ) ;
#766 = DIRECTION ( 'NONE',  ( 1.000000000000000000, 0.000000000000000000, 0.000000000000000000 ) ) ;
#767 = CARTESIAN_POINT ( 'NONE',  ( -1.649999999999999911, 0.000000000000000000, -0.6400000000000000133 ) ) ;
#768 = ORIENTED_EDGE ( 'NONE', *, *, #1139, .T. ) ;
#769 = EDGE_LOOP ( 'NONE', ( #2522, #3211, #1037, #3342 ) ) ;
#770 = EDGE_LOOP ( 'NONE', ( #3065, #2990, #1917, #1440, #632, #3376 ) ) ;
#771 = DIRECTION ( 'NONE',  ( 0.000000000000000000, 0.000000000000000000, -1.000000000000000000 ) ) ;
#772 = ADVANCED_FACE ( 'NONE', ( #862 ), #2994, .F. ) ;
#773 = SURFACE_STYLE_USAGE ( .BOTH. , #248 ) ;
#774 = ORIENTED_EDGE ( 'NONE', *, *, #2371, .F. ) ;
#775 = DIRECTION ( 'NONE',  ( 0.000000000000000000, 0.000000000000000000, -1.000000000000000000 ) ) ;
#776 = ORIENTED_EDGE ( 'NONE', *, *, #128, .F. ) ;
#777 = DIRECTION ( 'NONE',  ( -0.000000000000000000, -0.000000000000000000, 1.000000000000000000 ) ) ;
#778 = VERTEX_POINT ( 'NONE', #1964 ) ;
#779 = FACE_OUTER_BOUND ( 'NONE', #1082, .T. ) ;
#780 = CARTESIAN_POINT ( 'NONE',  ( -4.394199999999999662, 2.500000000000000000, 0.2500000000000000555 ) ) ;
#781 = CARTESIAN_POINT ( 'NONE',  ( -4.394199999999999662, 2.500000000000000000, -0.5500000000000000444 ) ) ;
#782 = DIRECTION ( 'NONE',  ( -1.000000000000000000, -0.000000000000000000, -0.000000000000000000 ) ) ;
#783 = DIRECTION ( 'NONE',  ( 0.000000000000000000, 1.000000000000000000, 0.000000000000000000 ) ) ;
#784 = ORIENTED_EDGE ( 'NONE', *, *, #384, .F. ) ;
#785 = EDGE_CURVE ( 'NONE', #1497, #523, #3006, .T. ) ;
#786 = VECTOR ( 'NONE', #1982, 1000.000000000000000 ) ;
#787 = ORIENTED_EDGE ( 'NONE', *, *, #1122, .T. ) ;
#788 = FACE_OUTER_BOUND ( 'NONE', #1328, .T. ) ;
#789 = VERTEX_POINT ( 'NONE', #2478 ) ;
#790 = CARTESIAN_POINT ( 'NONE',  ( -4.394199999999999662, 3.269414019461000187, 0.7400499515160999797 ) ) ;
#791 = ORIENTED_EDGE ( 'NONE', *, *, #108, .T. ) ;
#792 = CARTESIAN_POINT ( 'NONE',  ( -4.394199999999999662, 0.000000000000000000, -1.139999999999999902 ) ) ;
#793 = PLANE ( 'NONE',  #2018 ) ;
#794 = LINE ( 'NONE', #2394, #1185 ) ;
#795 = EDGE_CURVE ( 'NONE', #1614, #1169, #2219, .T. ) ;
#796 = PRODUCT_DEFINITION_CONTEXT ( 'detailed design', #2513, 'design' ) ;
#797 = VECTOR ( 'NONE', #2630, 1000.000000000000000 ) ;
#798 = CARTESIAN_POINT ( 'NONE',  ( 4.494200000000000195, 0.5599999999999999423, -0.9399999999999999467 ) ) ;
#799 = CARTESIAN_POINT ( 'NONE',  ( 4.394199999999999662, 2.500000000000000000, 0.5500000000000000444 ) ) ;
#800 = DIRECTION ( 'NONE',  ( 0.000000000000000000, 0.000000000000000000, -1.000000000000000000 ) ) ;
#801 = VECTOR ( 'NONE', #2190, 1000.000000000000000 ) ;
#802 = ORIENTED_EDGE ( 'NONE', *, *, #2766, .T. ) ;
#803 = ORIENTED_EDGE ( 'NONE', *, *, #626, .F. ) ;
#804 = EDGE_CURVE ( 'NONE', #1013, #1477, #1627, .T. ) ;
#805 = EDGE_CURVE ( 'NONE', #570, #49, #2567, .T. ) ;
#806 = DIRECTION ( 'NONE',  ( 1.000000000000000000, 0.000000000000000000, 0.000000000000000000 ) ) ;
#807 = EDGE_CURVE ( 'NONE', #3145, #511, #2585, .T. ) ;
#808 = DIRECTION ( 'NONE',  ( 7.228014483236697541E-16, 0.000000000000000000, 1.000000000000000000 ) ) ;
#809 = VERTEX_POINT ( 'NONE', #1755 ) ;
#810 = CARTESIAN_POINT ( 'NONE',  ( -4.394199999999999662, 1.620000000000000107, -0.9399999999999999467 ) ) ;
#811 = ORIENTED_EDGE ( 'NONE', *, *, #451, .T. ) ;
#812 = CARTESIAN_POINT ( 'NONE',  ( -1.500000000000000000, 0.000000000000000000, 0.6400000000000000133 ) ) ;
#813 = CIRCLE ( 'NONE', #2719, 0.3000000000000000444 ) ;
#814 = ORIENTED_EDGE ( 'NONE', *, *, #2769, .F. ) ;
#815 = AXIS2_PLACEMENT_3D ( 'NONE', #636, #1710, #152 ) ;
#816 = EDGE_CURVE ( 'NONE', #958, #452, #2978, .T. ) ;
#817 = DIRECTION ( 'NONE',  ( 0.000000000000000000, -0.7985313159705307307, 0.6019532684639001818 ) ) ;
#818 = DIRECTION ( 'NONE',  ( -0.000000000000000000, 0.6019532684636279551, 0.7985313159707360109 ) ) ;
#819 = CARTESIAN_POINT ( 'NONE',  ( -2.370000000000000107, 0.2000000000000000111, -0.4000000000000000222 ) ) ;
#820 = AXIS2_PLACEMENT_3D ( 'NONE', #385, #633, #2024 ) ;
#821 = EDGE_LOOP ( 'NONE', ( #2385, #2010, #2797, #411 ) ) ;
#822 = ORIENTED_EDGE ( 'NONE', *, *, #2234, .T. ) ;
#823 = CARTESIAN_POINT ( 'NONE',  ( -4.394199999999999662, 1.620000000000000107, -0.9399999999999999467 ) ) ;
#824 = DIRECTION ( 'NONE',  ( 1.000000000000000000, 0.000000000000000000, 0.000000000000000000 ) ) ;
#825 = EDGE_LOOP ( 'NONE', ( #1517, #2842, #444, #1953 ) ) ;
#826 = DIRECTION ( 'NONE',  ( 0.000000000000000000, 1.000000000000000000, 0.000000000000000000 ) ) ;
#827 = ORIENTED_EDGE ( 'NONE', *, *, #854, .F. ) ;
#828 = CYLINDRICAL_SURFACE ( 'NONE', #2912, 0.5000000000000001110 ) ;
#829 = ORIENTED_EDGE ( 'NONE', *, *, #1575, .T. ) ;
#830 = DIRECTION ( 'NONE',  ( 0.000000000000000000, 0.000000000000000000, -1.000000000000000000 ) ) ;
#831 = LINE ( 'NONE', #2189, #1796 ) ;
#832 = DIRECTION ( 'NONE',  ( -1.000000000000000000, -0.000000000000000000, -0.000000000000000000 ) ) ;
#833 = ORIENTED_EDGE ( 'NONE', *, *, #656, .T. ) ;
#834 = ORIENTED_EDGE ( 'NONE', *, *, #807, .T. ) ;
#835 = AXIS2_PLACEMENT_3D ( 'NONE', #2257, #2290, #369 ) ;
#836 = EDGE_CURVE ( 'NONE', #429, #778, #3150, .T. ) ;
#837 = DIRECTION ( 'NONE',  ( 0.000000000000000000, 0.000000000000000000, -1.000000000000000000 ) ) ;
#838 = LINE ( 'NONE', #2144, #504 ) ;
#839 = ORIENTED_EDGE ( 'NONE', *, *, #2192, .F. ) ;
#840 = CARTESIAN_POINT ( 'NONE',  ( -2.370000000000000107, 0.000000000000000000, 0.000000000000000000 ) ) ;
#841 = EDGE_LOOP ( 'NONE', ( #924, #367, #672, #3274, #327, #2820, #834, #329 ) ) ;
#842 = VERTEX_POINT ( 'NONE', #2773 ) ;
#843 = AXIS2_PLACEMENT_3D ( 'NONE', #1934, #891, #589 ) ;
#844 = EDGE_CURVE ( 'NONE', #2829, #842, #2083, .T. ) ;
#845 = CARTESIAN_POINT ( 'NONE',  ( -4.394199999999999662, 1.902929426820999970, 0.7397543955854000153 ) ) ;
#846 = LINE ( 'NONE', #334, #112 ) ;
#847 = DIRECTION ( 'NONE',  ( 0.000000000000000000, 0.000000000000000000, -1.000000000000000000 ) ) ;
#848 = AXIS2_PLACEMENT_3D ( 'NONE', #2269, #403, #1454 ) ;
#849 = ORIENTED_EDGE ( 'NONE', *, *, #63, .F. ) ;
#850 = VECTOR ( 'NONE', #2798, 1000.000000000000000 ) ;
#851 = CIRCLE ( 'NONE', #2093, 0.2999999999999999889 ) ;
#852 = AXIS2_PLACEMENT_3D ( 'NONE', #3378, #736, #1749 ) ;
#853 = DIRECTION ( 'NONE',  ( -1.000000000000000000, -0.000000000000000000, -0.000000000000000000 ) ) ;
#854 = EDGE_CURVE ( 'NONE', #1013, #491, #2524, .T. ) ;
#855 = ORIENTED_EDGE ( 'NONE', *, *, #2174, .F. ) ;
#856 = CARTESIAN_POINT ( 'NONE',  ( 1.800000000000000266, 0.000000000000000000, 0.6400000000000000133 ) ) ;
#857 = ORIENTED_EDGE ( 'NONE', *, *, #858, .T. ) ;
#858 = EDGE_CURVE ( 'NONE', #637, #2373, #1704, .T. ) ;
#859 = VECTOR ( 'NONE', #464, 1000.000000000000000 ) ;
#860 = EDGE_LOOP ( 'NONE', ( #2800, #2164, #3325, #3460 ) ) ;
#861 = DIRECTION ( 'NONE',  ( 0.000000000000000000, 0.000000000000000000, -1.000000000000000000 ) ) ;
#862 = FACE_OUTER_BOUND ( 'NONE', #1602, .T. ) ;
#863 = ADVANCED_FACE ( 'NONE', ( #379 ), #3072, .T. ) ;
#864 = DIRECTION ( 'NONE',  ( 0.000000000000000000, 7.228014483236696555E-16, -1.000000000000000000 ) ) ;
#865 = ORIENTED_EDGE ( 'NONE', *, *, #44, .F. ) ;
#866 = VECTOR ( 'NONE', #738, 1000.000000000000000 ) ;
#867 = CIRCLE ( 'NONE', #1145, 0.2999999999999999889 ) ;
#868 = PLANE ( 'NONE',  #3327 ) ;
#869 = VERTEX_POINT ( 'NONE', #2001 ) ;
#870 = PLANE ( 'NONE',  #3102 ) ;
#871 = ORIENTED_EDGE ( 'NONE', *, *, #2457, .T. ) ;
#872 = CIRCLE ( 'NONE', #549, 0.1499999999999999667 ) ;
#873 = ORIENTED_EDGE ( 'NONE', *, *, #1691, .T. ) ;
#874 = VECTOR ( 'NONE', #2230, 1000.000000000000000 ) ;
#875 = CARTESIAN_POINT ( 'NONE',  ( -2.370000000000000107, 0.000000000000000000, 0.000000000000000000 ) ) ;
#876 = LINE ( 'NONE', #1951, #1151 ) ;
#877 = DIRECTION ( 'NONE',  ( 0.000000000000000000, 0.000000000000000000, 1.000000000000000000 ) ) ;
#878 = ORIENTED_EDGE ( 'NONE', *, *, #2163, .F. ) ;
#879 = DIRECTION ( 'NONE',  ( 1.000000000000000000, 0.000000000000000000, 0.000000000000000000 ) ) ;
#880 = ADVANCED_FACE ( 'NONE', ( #1774 ), #364, .F. ) ;
#881 = CARTESIAN_POINT ( 'NONE',  ( -4.394199999999999662, 0.2000000000000000111, -0.6400000000000000133 ) ) ;
#882 = ORIENTED_EDGE ( 'NONE', *, *, #2371, .T. ) ;
#883 = LINE ( 'NONE', #1958, #972 ) ;
#884 = ORIENTED_EDGE ( 'NONE', *, *, #337, .F. ) ;
#885 = ORIENTED_EDGE ( 'NONE', *, *, #2404, .F. ) ;
#886 = CARTESIAN_POINT ( 'NONE',  ( 1.649999999999999911, 0.2000000000000000111, 0.4900000000000001021 ) ) ;
#887 = CIRCLE ( 'NONE', #166, 0.1499999999999999667 ) ;
#888 = PRODUCT ( 'S1711-46R', 'S1711-46R', '', ( #24 ) ) ;
#889 = CARTESIAN_POINT ( 'NONE',  ( -4.394199999999999662, 2.899265657985000022, 0.2490233657681999724 ) ) ;
#890 = ADVANCED_FACE ( 'NONE', ( #2325 ), #1735, .T. ) ;
#891 = DIRECTION ( 'NONE',  ( 1.000000000000000000, 0.000000000000000000, 0.000000000000000000 ) ) ;
#892 = CARTESIAN_POINT ( 'NONE',  ( 1.800000000000000488, 0.5000000000000000000, -0.6400000000000000133 ) ) ;
#893 = EDGE_LOOP ( 'NONE', ( #1514, #1842, #1802, #2953 ) ) ;
#894 = DIRECTION ( 'NONE',  ( -1.000000000000000000, -0.000000000000000000, -0.000000000000000000 ) ) ;
#895 = LINE ( 'NONE', #1163, #3248 ) ;
#896 = AXIS2_PLACEMENT_3D ( 'NONE', #2616, #2822, #702 ) ;
#897 = CIRCLE ( 'NONE', #1354, 0.2999999999999998779 ) ;
#898 = CARTESIAN_POINT ( 'NONE',  ( 1.649999999999999911, 0.000000000000000000, 0.4900000000000001021 ) ) ;
#899 = EDGE_CURVE ( 'NONE', #2462, #1044, #119, .T. ) ;
#900 = VERTEX_POINT ( 'NONE', #2547 ) ;
#901 = DIRECTION ( 'NONE',  ( -1.000000000000000000, -0.000000000000000000, -0.000000000000000000 ) ) ;
#902 = VECTOR ( 'NONE', #1890, 1000.000000000000000 ) ;
#903 = EDGE_CURVE ( 'NONE', #109, #197, #2531, .T. ) ;
#904 = ORIENTED_EDGE ( 'NONE', *, *, #1733, .F. ) ;
#905 = EDGE_CURVE ( 'NONE', #1831, #1470, #1805, .T. ) ;
#906 = EDGE_CURVE ( 'NONE', #1781, #319, #1981, .T. ) ;
#907 = CARTESIAN_POINT ( 'NONE',  ( 4.394199999999999662, 1.620000000000000107, 1.139999999999999902 ) ) ;
#908 = VECTOR ( 'NONE', #2623, 1000.000000000000000 ) ;
#909 = VERTEX_POINT ( 'NONE', #3385 ) ;
#910 = DIRECTION ( 'NONE',  ( -0.000000000000000000, -1.000000000000000000, -0.000000000000000000 ) ) ;
#911 = PLANE ( 'NONE',  #2892 ) ;
#912 = DIRECTION ( 'NONE',  ( 0.000000000000000000, -0.7985313159707360109, -0.6019532684636279551 ) ) ;
#913 = DIRECTION ( 'NONE',  ( 0.000000000000000000, 0.000000000000000000, -1.000000000000000000 ) ) ;
#914 = ADVANCED_FACE ( 'NONE', ( #1495 ), #2303, .F. ) ;
#915 = ORIENTED_EDGE ( 'NONE', *, *, #1991, .F. ) ;
#916 = EDGE_CURVE ( 'NONE', #1273, #249, #3334, .T. ) ;
#917 =( GEOMETRIC_REPRESENTATION_CONTEXT ( 3 ) GLOBAL_UNCERTAINTY_ASSIGNED_CONTEXT ( ( #3313 ) ) GLOBAL_UNIT_ASSIGNED_CONTEXT ( ( #2433, #286, #307 ) ) REPRESENTATION_CONTEXT ( 'NONE', 'WORKASPACE' ) );
#918 = CARTESIAN_POINT ( 'NONE',  ( -4.394199999999999662, 0.5000000000000000000, 0.6400000000000000133 ) ) ;
#919 = AXIS2_PLACEMENT_3D ( 'NONE', #1724, #1462, #2258 ) ;
#920 = CARTESIAN_POINT ( 'NONE',  ( 1.800000000000000488, 0.5000000000000000000, -1.139999999999999902 ) ) ;
#921 = CARTESIAN_POINT ( 'NONE',  ( 1.800000000000000488, 2.091549044702030180, -0.8062573259756767863 ) ) ;
#922 = ORIENTED_EDGE ( 'NONE', *, *, #2023, .F. ) ;
#923 = DIRECTION ( 'NONE',  ( 0.000000000000000000, 0.000000000000000000, 1.000000000000000000 ) ) ;
#924 = ORIENTED_EDGE ( 'NONE', *, *, #2618, .F. ) ;
#925 = VECTOR ( 'NONE', #1390, 1000.000000000000000 ) ;
#926 = CARTESIAN_POINT ( 'NONE',  ( -4.394199999999999662, 1.560000000000000053, -1.139999999999999902 ) ) ;
#927 = CIRCLE ( 'NONE', #38, 0.1499999999999999667 ) ;
#928 = ORIENTED_EDGE ( 'NONE', *, *, #2152, .F. ) ;
#929 = DIRECTION ( 'NONE',  ( 0.000000000000000000, 0.3325146519519784349, 0.9430980894038831774 ) ) ;
#930 = CARTESIAN_POINT ( 'NONE',  ( -1.800000000000000266, 0.000000000000000000, 0.000000000000000000 ) ) ;
#931 = DIRECTION ( 'NONE',  ( 1.000000000000000000, 0.000000000000000000, 0.000000000000000000 ) ) ;
#932 = DIRECTION ( 'NONE',  ( -1.000000000000000000, -0.000000000000000000, -0.000000000000000000 ) ) ;
#933 = EDGE_LOOP ( 'NONE', ( #2426, #583, #1653, #56, #3420, #696, #488, #3103, #2423, #2712, #3031, #487 ) ) ;
#934 = LINE ( 'NONE', #1778, #2772 ) ;
#935 = DIRECTION ( 'NONE',  ( 0.000000000000000000, 0.3325146519513070276, 0.9430980894041198770 ) ) ;
#936 = DIRECTION ( 'NONE',  ( 0.000000000000000000, 0.000000000000000000, -1.000000000000000000 ) ) ;
#937 = ORIENTED_EDGE ( 'NONE', *, *, #3241, .F. ) ;
#938 = ORIENTED_EDGE ( 'NONE', *, *, #554, .F. ) ;
#939 = ADVANCED_FACE ( 'NONE', ( #3350 ), #666, .T. ) ;
#940 = CARTESIAN_POINT ( 'NONE',  ( -4.394199999999999662, 2.500000000000000000, 0.05000000000000002359 ) ) ;
#941 = FACE_OUTER_BOUND ( 'NONE', #770, .T. ) ;
#942 = ORIENTED_EDGE ( 'NONE', *, *, #655, .F. ) ;
#943 = CARTESIAN_POINT ( 'NONE',  ( -1.800000000000000488, 1.620000000000000107, -1.139999999999999902 ) ) ;
#944 = DIRECTION ( 'NONE',  ( -0.000000000000000000, 0.6019532684636279551, 0.7985313159707360109 ) ) ;
#945 = AXIS2_PLACEMENT_3D ( 'NONE', #3079, #1143, #955 ) ;
#946 = VECTOR ( 'NONE', #1599, 1000.000000000000000 ) ;
#947 = DIRECTION ( 'NONE',  ( 0.000000000000000000, -0.6019532684636279551, 0.7985313159707360109 ) ) ;
#948 = CARTESIAN_POINT ( 'NONE',  ( 3.350000000000000089, 0.000000000000000000, 0.000000000000000000 ) ) ;
#949 = ADVANCED_FACE ( 'NONE', ( #1793, #3131, #723 ), #1005, .T. ) ;
#950 = LINE ( 'NONE', #2021, #2136 ) ;
#951 = EDGE_CURVE ( 'NONE', #491, #1367, #1770, .T. ) ;
#952 = ORIENTED_EDGE ( 'NONE', *, *, #2494, .F. ) ;
#953 = AXIS2_PLACEMENT_3D ( 'NONE', #2801, #361, #1436 ) ;
#954 = LINE ( 'NONE', #2534, #1606 ) ;
#955 = DIRECTION ( 'NONE',  ( 0.000000000000000000, 0.000000000000000000, -1.000000000000000000 ) ) ;
#956 = CYLINDRICAL_SURFACE ( 'NONE', #815, 0.1499999999999999667 ) ;
#957 = EDGE_LOOP ( 'NONE', ( #1258, #2909, #2245, #2073 ) ) ;
#958 = VERTEX_POINT ( 'NONE', #1997 ) ;
#959 = LINE ( 'NONE', #138, #2368 ) ;
#960 = ADVANCED_FACE ( 'NONE', ( #2284 ), #1752, .T. ) ;
#961 = VECTOR ( 'NONE', #3417, 1000.000000000000000 ) ;
#962 = DIRECTION ( 'NONE',  ( 1.000000000000000000, 0.000000000000000000, 0.000000000000000000 ) ) ;
#963 = ORIENTED_EDGE ( 'NONE', *, *, #2214, .F. ) ;
#964 = DIRECTION ( 'NONE',  ( 0.000000000000000000, 1.000000000000000000, 0.000000000000000000 ) ) ;
#965 = DIRECTION ( 'NONE',  ( 0.000000000000000000, 0.6019532684636278441, -0.7985313159707362329 ) ) ;
#966 = AXIS2_PLACEMENT_3D ( 'NONE', #2178, #1360, #3209 ) ;
#967 = EDGE_CURVE ( 'NONE', #2212, #2183, #1353, .T. ) ;
#968 = CARTESIAN_POINT ( 'NONE',  ( -1.800000000000000488, 2.500000000000000000, 0.5500000000000000444 ) ) ;
#969 = DIRECTION ( 'NONE',  ( 0.000000000000000000, 0.7985313159705307307, 0.6019532684639001818 ) ) ;
#970 = CARTESIAN_POINT ( 'NONE',  ( -4.394199999999999662, 2.217070573178894666, -0.4502456044144951819 ) ) ;
#971 = ORIENTED_EDGE ( 'NONE', *, *, #2564, .T. ) ;
#972 = VECTOR ( 'NONE', #901, 1000.000000000000000 ) ;
#973 =( NAMED_UNIT ( * ) SI_UNIT ( $, .STERADIAN. ) SOLID_ANGLE_UNIT ( ) );
#974 = CARTESIAN_POINT ( 'NONE',  ( -4.394199999999999662, 2.500000000000000000, 0.5500000000000000444 ) ) ;
#975 = DIRECTION ( 'NONE',  ( 1.000000000000000000, -0.000000000000000000, 0.000000000000000000 ) ) ;
#976 = ORIENTED_EDGE ( 'NONE', *, *, #592, .F. ) ;
#977 = CIRCLE ( 'NONE', #919, 0.5000000000000000000 ) ;
#978 = ORIENTED_EDGE ( 'NONE', *, *, #2618, .T. ) ;
#979 = ORIENTED_EDGE ( 'NONE', *, *, #337, .T. ) ;
#980 = DIRECTION ( 'NONE',  ( 0.000000000000000000, 0.000000000000000000, -1.000000000000000000 ) ) ;
#981 = DIRECTION ( 'NONE',  ( 0.000000000000000000, 0.000000000000000000, -1.000000000000000000 ) ) ;
#982 = VERTEX_POINT ( 'NONE', #398 ) ;
#983 = CARTESIAN_POINT ( 'NONE',  ( -2.100000000000000089, 3.450000000000023270, 0.9796093463072825802 ) ) ;
#984 = AXIS2_PLACEMENT_3D ( 'NONE', #810, #2406, #1107 ) ;
#985 = DIRECTION ( 'NONE',  ( 0.000000000000000000, -0.7985313159707360109, -0.6019532684636279551 ) ) ;
#986 = VECTOR ( 'NONE', #203, 1000.000000000000000 ) ;
#987 = VECTOR ( 'NONE', #2753, 1000.000000000000000 ) ;
#988 = LINE ( 'NONE', #1006, #2989 ) ;
#989 = CARTESIAN_POINT ( 'NONE',  ( -1.800000000000000266, 0.000000000000000000, -1.139999999999999902 ) ) ;
#990 = PLANE ( 'NONE',  #3418 ) ;
#991 = VERTEX_POINT ( 'NONE', #457 ) ;
#992 = CARTESIAN_POINT ( 'NONE',  ( -1.800000000000000266, 0.2000000000000000111, 1.139999999999999902 ) ) ;
#993 = DIRECTION ( 'NONE',  ( 1.000000000000000000, 0.000000000000000000, 0.000000000000000000 ) ) ;
#994 = CIRCLE ( 'NONE', #266, 0.3000000000000000444 ) ;
#995 = LINE ( 'NONE', #2086, #744 ) ;
#996 = ADVANCED_FACE ( 'NONE', ( #440 ), #1508, .T. ) ;
#997 = VERTEX_POINT ( 'NONE', #1732 ) ;
#998 = ORIENTED_EDGE ( 'NONE', *, *, #844, .T. ) ;
#999 = VERTEX_POINT ( 'NONE', #1525 ) ;
#1000 = EDGE_CURVE ( 'NONE', #2857, #1433, #2983, .T. ) ;
#1001 = DIRECTION ( 'NONE',  ( 0.000000000000000000, 0.000000000000000000, -1.000000000000000000 ) ) ;
#1002 = CARTESIAN_POINT ( 'NONE',  ( -4.394199999999999662, 2.028450955297735891, 0.3837426740242407264 ) ) ;
#1003 = EDGE_LOOP ( 'NONE', ( #865, #1065, #2726, #3120 ) ) ;
#1004 = DIRECTION ( 'NONE',  ( 1.000000000000000000, -0.000000000000000000, 0.000000000000000000 ) ) ;
#1005 = PLANE ( 'NONE',  #896 ) ;
#1006 = CARTESIAN_POINT ( 'NONE',  ( -4.394199999999999662, 0.5000000000000000000, -0.9400000000000000577 ) ) ;
#1007 = CARTESIAN_POINT ( 'NONE',  ( 4.394199999999999662, 1.560000000000000275, -1.139999999999999902 ) ) ;
#1008 = CARTESIAN_POINT ( 'NONE',  ( 1.800000000000000488, 1.620000000000000107, 0.6400000000000000133 ) ) ;
#1009 = CARTESIAN_POINT ( 'NONE',  ( -1.800000000000000488, 2.028450955297735891, 0.3837426740242407264 ) ) ;
#1010 = VECTOR ( 'NONE', #932, 1000.000000000000000 ) ;
#1011 = DIRECTION ( 'NONE',  ( -0.000000000000000000, 1.000000000000000000, 0.000000000000000000 ) ) ;
#1012 = ADVANCED_FACE ( 'NONE', ( #3381 ), #2844, .T. ) ;
#1013 = VERTEX_POINT ( 'NONE', #1225 ) ;
#1014 = ORIENTED_EDGE ( 'NONE', *, *, #1738, .T. ) ;
#1015 = VECTOR ( 'NONE', #3316, 1000.000000000000000 ) ;
#1016 = ORIENTED_EDGE ( 'NONE', *, *, #967, .F. ) ;
#1017 = ADVANCED_FACE ( 'NONE', ( #141 ), #2880, .T. ) ;
#1018 = CARTESIAN_POINT ( 'NONE',  ( -2.100000000000000089, 3.290293736805979474, 1.099999999999972999 ) ) ;
#1019 = EDGE_CURVE ( 'NONE', #1367, #731, #2061, .T. ) ;
#1020 = DIRECTION ( 'NONE',  ( 0.000000000000000000, 0.7985313159707360109, -0.6019532684636279551 ) ) ;
#1021 = ORIENTED_EDGE ( 'NONE', *, *, #3295, .T. ) ;
#1022 = CYLINDRICAL_SURFACE ( 'NONE', #1604, 0.1499999999999999667 ) ;
#1023 = VERTEX_POINT ( 'NONE', #2583 ) ;
#1024 = EDGE_CURVE ( 'NONE', #2438, #3047, #679, .T. ) ;
#1025 = DIRECTION ( 'NONE',  ( 1.000000000000000000, 0.000000000000000000, 0.000000000000000000 ) ) ;
#1026 = AXIS2_PLACEMENT_3D ( 'NONE', #2065, #2862, #459 ) ;
#1027 = FACE_OUTER_BOUND ( 'NONE', #2654, .T. ) ;
#1028 = AXIS2_PLACEMENT_3D ( 'NONE', #417, #944, #2017 ) ;
#1029 = VECTOR ( 'NONE', #683, 1000.000000000000000 ) ;
#1030 = DIRECTION ( 'NONE',  ( -0.000000000000000000, -0.3325146519513070276, 0.9430980894041198770 ) ) ;
#1031 = VECTOR ( 'NONE', #1126, 1000.000000000000000 ) ;
#1032 = CARTESIAN_POINT ( 'NONE',  ( -4.394199999999999662, 3.290293736805999902, 1.100000000000000089 ) ) ;
#1033 = DIRECTION ( 'NONE',  ( 0.000000000000000000, 0.000000000000000000, -1.000000000000000000 ) ) ;
#1034 = LINE ( 'NONE', #1819, #908 ) ;
#1035 = EDGE_CURVE ( 'NONE', #224, #1088, #851, .T. ) ;
#1036 = EDGE_LOOP ( 'NONE', ( #1348, #449, #3256, #2615 ) ) ;
#1037 = ORIENTED_EDGE ( 'NONE', *, *, #586, .F. ) ;
#1038 = ORIENTED_EDGE ( 'NONE', *, *, #3089, .F. ) ;
#1039 = CARTESIAN_POINT ( 'NONE',  ( -4.394199999999999662, 0.5000000000000000000, -0.6400000000000000133 ) ) ;
#1040 = VECTOR ( 'NONE', #2047, 1000.000000000000000 ) ;
#1041 = CARTESIAN_POINT ( 'NONE',  ( -1.800000000000000488, 2.500000000000000000, -0.5500000000000000444 ) ) ;
#1042 = ORIENTED_EDGE ( 'NONE', *, *, #1269, .F. ) ;
#1043 = DIRECTION ( 'NONE',  ( -1.000000000000000000, -0.000000000000000000, -0.000000000000000000 ) ) ;
#1044 = VERTEX_POINT ( 'NONE', #3149 ) ;
#1045 = DIRECTION ( 'NONE',  ( 1.000000000000000000, 0.000000000000000000, 0.000000000000000000 ) ) ;
#1046 = ORIENTED_EDGE ( 'NONE', *, *, #2141, .T. ) ;
#1047 = DIRECTION ( 'NONE',  ( 1.000000000000000000, 0.000000000000000000, 0.000000000000000000 ) ) ;
#1048 = ADVANCED_FACE ( 'NONE', ( #177 ), #1491, .F. ) ;
#1049 = DIRECTION ( 'NONE',  ( 0.000000000000000000, -0.000000000000000000, -1.000000000000000000 ) ) ;
#1050 = AXIS2_PLACEMENT_3D ( 'NONE', #3279, #1921, #2961 ) ;
#1051 = VECTOR ( 'NONE', #3134, 1000.000000000000000 ) ;
#1052 = DIRECTION ( 'NONE',  ( 2.891205793294679805E-15, 0.6019532684636280662, -0.7985313159707361219 ) ) ;
#1053 = DIRECTION ( 'NONE',  ( -1.000000000000000000, -0.000000000000000000, -0.000000000000000000 ) ) ;
#1054 = CARTESIAN_POINT ( 'NONE',  ( -4.394199999999999662, 1.620000000000000107, -0.6400000000000000133 ) ) ;
#1055 = ORIENTED_EDGE ( 'NONE', *, *, #1209, .F. ) ;
#1056 = ORIENTED_EDGE ( 'NONE', *, *, #795, .F. ) ;
#1057 = AXIS2_PLACEMENT_3D ( 'NONE', #3405, #176, #2096 ) ;
#1058 = DIRECTION ( 'NONE',  ( -1.000000000000000000, -0.000000000000000000, 0.000000000000000000 ) ) ;
#1059 = CARTESIAN_POINT ( 'NONE',  ( -1.800000000000000488, 0.5000000000000001110, 1.139999999999999902 ) ) ;
#1060 = ADVANCED_FACE ( 'NONE', ( #159 ), #2301, .F. ) ;
#1061 = ORIENTED_EDGE ( 'NONE', *, *, #3020, .T. ) ;
#1062 = DIRECTION ( 'NONE',  ( 0.000000000000000000, -1.000000000000000000, 0.000000000000000000 ) ) ;
#1063 = EDGE_LOOP ( 'NONE', ( #2180, #1448, #2229, #529 ) ) ;
#1064 = CARTESIAN_POINT ( 'NONE',  ( -4.394199999999999662, 1.620000000000000107, -0.6400000000000000133 ) ) ;
#1065 = ORIENTED_EDGE ( 'NONE', *, *, #3276, .F. ) ;
#1066 = LINE ( 'NONE', #2135, #1588 ) ;
#1067 = ADVANCED_FACE ( 'NONE', ( #739 ), #1813, .F. ) ;
#1068 = DIRECTION ( 'NONE',  ( 1.000000000000000000, 0.000000000000000000, 0.000000000000000000 ) ) ;
#1069 = FACE_OUTER_BOUND ( 'NONE', #1861, .T. ) ;
#1070 = EDGE_CURVE ( 'NONE', #1846, #2760, #1832, .T. ) ;
#1071 = EDGE_CURVE ( 'NONE', #1252, #1502, #680, .T. ) ;
#1072 = FACE_OUTER_BOUND ( 'NONE', #1713, .T. ) ;
#1073 = VERTEX_POINT ( 'NONE', #3201 ) ;
#1074 = VERTEX_POINT ( 'NONE', #2675 ) ;
#1075 = CARTESIAN_POINT ( 'NONE',  ( 1.649999999999999911, 0.000000000000000000, 0.6400000000000000133 ) ) ;
#1076 = CARTESIAN_POINT ( 'NONE',  ( -1.199999999999999956, 0.000000000000000000, -0.8400000000000000799 ) ) ;
#1077 = ORIENTED_EDGE ( 'NONE', *, *, #1527, .T. ) ;
#1078 = DIRECTION ( 'NONE',  ( 0.000000000000000000, 1.445602896647339114E-15, -1.000000000000000000 ) ) ;
#1079 = ORIENTED_EDGE ( 'NONE', *, *, #1081, .T. ) ;
#1080 = DIRECTION ( 'NONE',  ( 1.000000000000000000, 0.000000000000000000, 0.000000000000000000 ) ) ;
#1081 = EDGE_CURVE ( 'NONE', #1639, #1537, #2655, .T. ) ;
#1082 = EDGE_LOOP ( 'NONE', ( #2353, #2815, #1102, #1255 ) ) ;
#1083 = EDGE_CURVE ( 'NONE', #3361, #1605, #1299, .T. ) ;
#1084 = VECTOR ( 'NONE', #525, 1000.000000000000000 ) ;
#1085 = DIRECTION ( 'NONE',  ( 0.000000000000000000, -0.9430980894041198770, 0.3325146519513070276 ) ) ;
#1086 = DIRECTION ( 'NONE',  ( 1.000000000000000000, 0.000000000000000000, 0.000000000000000000 ) ) ;
#1087 = CARTESIAN_POINT ( 'NONE',  ( -4.394199999999999662, 0.5000000000000000000, -1.139999999999999902 ) ) ;
#1088 = VERTEX_POINT ( 'NONE', #267 ) ;
#1089 = ORIENTED_EDGE ( 'NONE', *, *, #2110, .F. ) ;
#1090 = CARTESIAN_POINT ( 'NONE',  ( -4.094199999999999839, 3.109707756266728573, 0.8604406052084399015 ) ) ;
#1091 = ORIENTED_EDGE ( 'NONE', *, *, #555, .T. ) ;
#1092 = FACE_OUTER_BOUND ( 'NONE', #2557, .T. ) ;
#1093 = ORIENTED_EDGE ( 'NONE', *, *, #1542, .T. ) ;
#1094 = FACE_OUTER_BOUND ( 'NONE', #306, .T. ) ;
#1095 = CARTESIAN_POINT ( 'NONE',  ( 1.500000000000000222, 0.000000000000000000, 0.6400000000000000133 ) ) ;
#1096 = VECTOR ( 'NONE', #853, 1000.000000000000000 ) ;
#1097 = LINE ( 'NONE', #1885, #3003 ) ;
#1098 = DIRECTION ( 'NONE',  ( -0.000000000000000000, -0.7985313159707360109, 0.6019532684636279551 ) ) ;
#1099 = DIRECTION ( 'NONE',  ( 1.000000000000000000, 0.000000000000000000, 0.000000000000000000 ) ) ;
#1100 = VECTOR ( 'NONE', #1515, 1000.000000000000000 ) ;
#1101 = EDGE_LOOP ( 'NONE', ( #3014, #541, #436, #3400, #1737, #79, #1344, #2328 ) ) ;
#1102 = ORIENTED_EDGE ( 'NONE', *, *, #1850, .T. ) ;
#1103 = DIRECTION ( 'NONE',  ( -0.000000000000000000, 0.7985313159707360109, 0.6019532684636279551 ) ) ;
#1104 = LINE ( 'NONE', #2388, #1172 ) ;
#1105 = EDGE_CURVE ( 'NONE', #2458, #2872, #3096, .T. ) ;
#1106 = ORIENTED_EDGE ( 'NONE', *, *, #270, .F. ) ;
#1107 = DIRECTION ( 'NONE',  ( 1.000000000000000000, 0.000000000000000000, 0.000000000000000000 ) ) ;
#1108 = ORIENTED_EDGE ( 'NONE', *, *, #2192, .T. ) ;
#1109 = CARTESIAN_POINT ( 'NONE',  ( -4.394199999999999662, 2.091549044701999982, -0.8062573259756999899 ) ) ;
#1110 = FILL_AREA_STYLE ('',( #2624 ) ) ;
#1111 = CARTESIAN_POINT ( 'NONE',  ( 2.370000000000000107, 0.2000000000000000111, -0.4000000000000000222 ) ) ;
#1112 = DIRECTION ( 'NONE',  ( -1.084202172485504434E-15, 0.000000000000000000, -1.000000000000000000 ) ) ;
#1113 = PLANE ( 'NONE',  #966 ) ;
#1114 = ORIENTED_EDGE ( 'NONE', *, *, #3203, .T. ) ;
#1115 = AXIS2_PLACEMENT_3D ( 'NONE', #426, #1499, #879 ) ;
#1116 = EDGE_CURVE ( 'NONE', #302, #2401, #1676, .T. ) ;
#1117 = FACE_OUTER_BOUND ( 'NONE', #2049, .T. ) ;
#1118 = VERTEX_POINT ( 'NONE', #1337 ) ;
#1119 = CARTESIAN_POINT ( 'NONE',  ( -4.394199999999999662, 0.5600000000000000533, -1.139999999999999902 ) ) ;
#1120 = ORIENTED_EDGE ( 'NONE', *, *, #1647, .T. ) ;
#1121 = CIRCLE ( 'NONE', #268, 0.2999999999999999889 ) ;
#1122 = EDGE_CURVE ( 'NONE', #606, #1782, #3445, .T. ) ;
#1123 = VERTEX_POINT ( 'NONE', #2481 ) ;
#1124 = CARTESIAN_POINT ( 'NONE',  ( -4.394199999999999662, 3.109707756266744116, -0.8604406052088057200 ) ) ;
#1125 = DIRECTION ( 'NONE',  ( -1.000000000000000000, -0.000000000000000000, -0.000000000000000000 ) ) ;
#1126 = DIRECTION ( 'NONE',  ( 0.000000000000000000, -1.000000000000000000, 0.000000000000000000 ) ) ;
#1127 = ORIENTED_EDGE ( 'NONE', *, *, #471, .T. ) ;
#1128 = CIRCLE ( 'NONE', #1692, 0.1499999999999999667 ) ;
#1129 = VECTOR ( 'NONE', #252, 1000.000000000000000 ) ;
#1130 = AXIS2_PLACEMENT_3D ( 'NONE', #1262, #1550, #3151 ) ;
#1131 = FACE_OUTER_BOUND ( 'NONE', #1134, .T. ) ;
#1132 = ORIENTED_EDGE ( 'NONE', *, *, #292, .F. ) ;
#1133 = LINE ( 'NONE', #1148, #2323 ) ;
#1134 = EDGE_LOOP ( 'NONE', ( #275, #2652, #1326, #3374, #1667, #346 ) ) ;
#1135 = ORIENTED_EDGE ( 'NONE', *, *, #1638, .T. ) ;
#1136 = AXIS2_PLACEMENT_3D ( 'NONE', #3271, #1940, #2702 ) ;
#1137 = CARTESIAN_POINT ( 'NONE',  ( 4.094199999999999839, 3.109707756267056755, -0.8604406052088749979 ) ) ;
#1138 = LINE ( 'NONE', #1922, #1452 ) ;
#1139 = EDGE_CURVE ( 'NONE', #2965, #1828, #1351, .T. ) ;
#1140 = DIRECTION ( 'NONE',  ( -1.000000000000000000, -0.000000000000000000, -0.000000000000000000 ) ) ;
#1141 = ORIENTED_EDGE ( 'NONE', *, *, #2461, .T. ) ;
#1142 = VECTOR ( 'NONE', #530, 1000.000000000000000 ) ;
#1143 = DIRECTION ( 'NONE',  ( -1.000000000000000000, -0.000000000000000000, -0.000000000000000000 ) ) ;
#1144 = VECTOR ( 'NONE', #2776, 1000.000000000000000 ) ;
#1145 = AXIS2_PLACEMENT_3D ( 'NONE', #1903, #25, #1671 ) ;
#1146 = CARTESIAN_POINT ( 'NONE',  ( 2.100000000000000089, 3.450000000000000178, 0.9796093463073001217 ) ) ;
#1147 = ORIENTED_EDGE ( 'NONE', *, *, #2317, .F. ) ;
#1148 = CARTESIAN_POINT ( 'NONE',  ( -4.394199999999999662, 0.5599999999999999423, -0.9399999999999999467 ) ) ;
#1149 = ORIENTED_EDGE ( 'NONE', *, *, #438, .T. ) ;
#1150 = EDGE_CURVE ( 'NONE', #2288, #2373, #521, .T. ) ;
#1151 = VECTOR ( 'NONE', #1646, 1000.000000000000000 ) ;
#1152 = ORIENTED_EDGE ( 'NONE', *, *, #339, .T. ) ;
#1153 = CARTESIAN_POINT ( 'NONE',  ( -4.394199999999999662, 3.290293736805999902, 1.100000000000000089 ) ) ;
#1154 = AXIS2_PLACEMENT_3D ( 'NONE', #2060, #1004, #1241 ) ;
#1155 = DIRECTION ( 'NONE',  ( 0.000000000000000000, 1.000000000000000000, 0.000000000000000000 ) ) ;
#1156 = CARTESIAN_POINT ( 'NONE',  ( 2.370000000000000107, 0.000000000000000000, 0.000000000000000000 ) ) ;
#1157 = CARTESIAN_POINT ( 'NONE',  ( -4.394199999999999662, 2.739559394791110325, -0.3694140194609058514 ) ) ;
#1158 = ORIENTED_EDGE ( 'NONE', *, *, #1019, .T. ) ;
#1159 = EDGE_CURVE ( 'NONE', #2999, #2438, #1849, .T. ) ;
#1160 = ADVANCED_FACE ( 'NONE', ( #1603 ), #3464, .T. ) ;
#1161 = LINE ( 'NONE', #1968, #3229 ) ;
#1162 = ADVANCED_FACE ( 'NONE', ( #6 ), #494, .T. ) ;
#1163 = CARTESIAN_POINT ( 'NONE',  ( -4.394199999999999662, 0.000000000000000000, -1.139999999999999902 ) ) ;
#1164 = CARTESIAN_POINT ( 'NONE',  ( -1.199999999999999956, 0.000000000000000000, 0.8400000000000000799 ) ) ;
#1165 = ORIENTED_EDGE ( 'NONE', *, *, #2814, .F. ) ;
#1166 = LINE ( 'NONE', #658, #2939 ) ;
#1167 = ORIENTED_EDGE ( 'NONE', *, *, #1691, .F. ) ;
#1168 = CARTESIAN_POINT ( 'NONE',  ( -4.094199999999999839, 3.286671322150000574, -0.7270409566890000397 ) ) ;
#1169 = VERTEX_POINT ( 'NONE', #1563 ) ;
#1170 = CARTESIAN_POINT ( 'NONE',  ( -4.394199999999999662, 2.091549044701999982, -0.8062573259756999899 ) ) ;
#1171 = EDGE_CURVE ( 'NONE', #3438, #49, #512, .T. ) ;
#1172 = VECTOR ( 'NONE', #1878, 1000.000000000000000 ) ;
#1173 = PRODUCT_DEFINITION ( 'UNKNOWN', '', #2439, #796 ) ;
#1174 = VECTOR ( 'NONE', #969, 1000.000000000000114 ) ;
#1175 = FACE_OUTER_BOUND ( 'NONE', #2419, .T. ) ;
#1176 = DIRECTION ( 'NONE',  ( 1.000000000000000000, 0.000000000000000000, 0.000000000000000000 ) ) ;
#1177 = DIRECTION ( 'NONE',  ( -0.000000000000000000, 0.9430980894041198770, 0.3325146519513070276 ) ) ;
#1178 = VERTEX_POINT ( 'NONE', #2428 ) ;
#1179 = DIRECTION ( 'NONE',  ( 0.000000000000000000, -1.000000000000000000, 0.000000000000000000 ) ) ;
#1180 = CARTESIAN_POINT ( 'NONE',  ( 4.394199999999999662, 3.269414019461000187, 0.7400499515160999797 ) ) ;
#1181 = VECTOR ( 'NONE', #1058, 1000.000000000000000 ) ;
#1182 = DIRECTION ( 'NONE',  ( -0.000000000000000000, -1.000000000000000000, -0.000000000000000000 ) ) ;
#1183 = VERTEX_POINT ( 'NONE', #812 ) ;
#1184 = DIRECTION ( 'NONE',  ( 0.000000000000000000, -0.000000000000000000, 1.000000000000000000 ) ) ;
#1185 = VECTOR ( 'NONE', #2561, 1000.000000000000000 ) ;
#1186 = ORIENTED_EDGE ( 'NONE', *, *, #1532, .T. ) ;
#1187 = DIRECTION ( 'NONE',  ( 0.000000000000000000, 0.000000000000000000, 1.000000000000000000 ) ) ;
#1188 = AXIS2_PLACEMENT_3D ( 'NONE', #631, #3298, #2789 ) ;
#1189 = VERTEX_POINT ( 'NONE', #2957 ) ;
#1190 = LINE ( 'NONE', #678, #2559 ) ;
#1191 = DIRECTION ( 'NONE',  ( -0.000000000000000000, 0.7985313159707360109, 0.6019532684636279551 ) ) ;
#1192 = CARTESIAN_POINT ( 'NONE',  ( -4.394199999999999662, 3.450000000000000178, 0.9796093463073001217 ) ) ;
#1193 = DIRECTION ( 'NONE',  ( 0.000000000000000000, 1.000000000000000000, 0.000000000000000000 ) ) ;
#1194 = VERTEX_POINT ( 'NONE', #2636 ) ;
#1195 = COLOUR_RGB ( '',0.6588235294117646967, 0.6588235294117646967, 0.6588235294117646967 ) ;
#1196 = ADVANCED_FACE ( 'NONE', ( #1408 ), #1621, .F. ) ;
#1197 = LINE ( 'NONE', #1441, #359 ) ;
#1198 = CARTESIAN_POINT ( 'NONE',  ( -4.394199999999999662, 3.290293736805999902, -1.100000000000000089 ) ) ;
#1199 = CARTESIAN_POINT ( 'NONE',  ( -4.394199999999999662, 1.560000000000000275, -1.139999999999999902 ) ) ;
#1200 = ORIENTED_EDGE ( 'NONE', *, *, #3041, .F. ) ;
#1201 = LINE ( 'NONE', #2227, #247 ) ;
#1202 = EDGE_LOOP ( 'NONE', ( #2348, #269, #1745, #1405 ) ) ;
#1203 = CIRCLE ( 'NONE', #2202, 0.1499999999999999667 ) ;
#1204 = LINE ( 'NONE', #1714, #2425 ) ;
#1205 = AXIS2_PLACEMENT_3D ( 'NONE', #1008, #726, #3190 ) ;
#1206 = ADVANCED_FACE ( 'NONE', ( #1094 ), #828, .T. ) ;
#1207 = ORIENTED_EDGE ( 'NONE', *, *, #3435, .F. ) ;
#1208 = LINE ( 'NONE', #140, #2193 ) ;
#1209 = EDGE_CURVE ( 'NONE', #1914, #1483, #3045, .T. ) ;
#1210 = CARTESIAN_POINT ( 'NONE',  ( -2.100000000000000089, 3.281094908679000000, -0.7312445993617999740 ) ) ;
#1211 = CARTESIAN_POINT ( 'NONE',  ( 1.800000000000000488, 0.5000000000000000000, 0.9399999999999999467 ) ) ;
#1212 = CARTESIAN_POINT ( 'NONE',  ( -4.394199999999999662, 0.5000000000000000000, -1.139999999999999902 ) ) ;
#1213 = CARTESIAN_POINT ( 'NONE',  ( 1.199999999999999956, 0.2132282120810999881, -0.8400000000000000799 ) ) ;
#1214 = ORIENTED_EDGE ( 'NONE', *, *, #3148, .T. ) ;
#1215 = LINE ( 'NONE', #3099, #3413 ) ;
#1216 = EDGE_CURVE ( 'NONE', #3436, #171, #2777, .T. ) ;
#1217 = DIRECTION ( 'NONE',  ( 1.000000000000000000, 0.000000000000000000, 0.000000000000000000 ) ) ;
#1218 = VERTEX_POINT ( 'NONE', #2498 ) ;
#1219 = EDGE_CURVE ( 'NONE', #68, #40, #3077, .T. ) ;
#1220 = ORIENTED_EDGE ( 'NONE', *, *, #1419, .F. ) ;
#1221 = CARTESIAN_POINT ( 'NONE',  ( -1.199999999999999956, 0.2132282120810999881, 0.8400000000000000799 ) ) ;
#1222 = CARTESIAN_POINT ( 'NONE',  ( 2.370000000000000107, 0.000000000000000000, 0.000000000000000000 ) ) ;
#1223 = VERTEX_POINT ( 'NONE', #2553 ) ;
#1224 = FACE_OUTER_BOUND ( 'NONE', #2314, .T. ) ;
#1225 = CARTESIAN_POINT ( 'NONE',  ( 1.800000000000000488, 3.109707756266847589, -0.8604406052089433876 ) ) ;
#1226 = VECTOR ( 'NONE', #3112, 1000.000000000000000 ) ;
#1227 = FACE_OUTER_BOUND ( 'NONE', #1385, .T. ) ;
#1228 = CARTESIAN_POINT ( 'NONE',  ( 4.394199999999999662, 2.500000000000000000, 0.5500000000000000444 ) ) ;
#1229 = FACE_OUTER_BOUND ( 'NONE', #3261, .T. ) ;
#1230 = ORIENTED_EDGE ( 'NONE', *, *, #2973, .F. ) ;
#1231 = CARTESIAN_POINT ( 'NONE',  ( -1.800000000000000488, 0.5000000000000000000, 0.9399999999999999467 ) ) ;
#1232 = DIRECTION ( 'NONE',  ( 1.000000000000000000, 0.000000000000000000, 0.000000000000000000 ) ) ;
#1233 = CARTESIAN_POINT ( 'NONE',  ( -4.394199999999999662, 1.620000000000000107, 0.6400000000000000133 ) ) ;
#1234 = ORIENTED_EDGE ( 'NONE', *, *, #291, .F. ) ;
#1235 = ORIENTED_EDGE ( 'NONE', *, *, #1827, .T. ) ;
#1236 = ORIENTED_EDGE ( 'NONE', *, *, #1272, .T. ) ;
#1237 = DIRECTION ( 'NONE',  ( -0.000000000000000000, 0.3325146519513070276, -0.9430980894041198770 ) ) ;
#1238 = AXIS2_PLACEMENT_3D ( 'NONE', #1221, #2296, #980 ) ;
#1239 = FACE_OUTER_BOUND ( 'NONE', #1063, .T. ) ;
#1240 = ORIENTED_EDGE ( 'NONE', *, *, #1330, .F. ) ;
#1241 = DIRECTION ( 'NONE',  ( 0.000000000000000000, 0.000000000000000000, -1.000000000000000000 ) ) ;
#1242 = DIRECTION ( 'NONE',  ( 0.000000000000000000, 0.3325146519513070276, -0.9430980894041198770 ) ) ;
#1243 = DIRECTION ( 'NONE',  ( 1.000000000000000000, 0.000000000000000000, 0.000000000000000000 ) ) ;
#1244 = DIRECTION ( 'NONE',  ( -0.000000000000000000, 1.000000000000000000, -0.000000000000000000 ) ) ;
#1245 = LINE ( 'NONE', #3386, #1396 ) ;
#1246 = ORIENTED_EDGE ( 'NONE', *, *, #1664, .F. ) ;
#1247 = ADVANCED_FACE ( 'NONE', ( #1480 ), #670, .T. ) ;
#1248 = LINE ( 'NONE', #2923, #1100 ) ;
#1249 = CARTESIAN_POINT ( 'NONE',  ( -4.394199999999999662, 0.000000000000000000, 0.6400000000000000133 ) ) ;
#1250 = PRESENTATION_LAYER_ASSIGNMENT (  '', '', ( #2941 ) ) ;
#1251 =( NAMED_UNIT ( * ) PLANE_ANGLE_UNIT ( ) SI_UNIT ( $, .RADIAN. ) );
#1252 = VERTEX_POINT ( 'NONE', #97 ) ;
#1253 = CIRCLE ( 'NONE', #2763, 0.1499999999999999667 ) ;
#1254 = ORIENTED_EDGE ( 'NONE', *, *, #2427, .T. ) ;
#1255 = ORIENTED_EDGE ( 'NONE', *, *, #3181, .T. ) ;
#1256 = LINE ( 'NONE', #2336, #2986 ) ;
#1257 = CARTESIAN_POINT ( 'NONE',  ( 4.094199999999999839, 3.450000000000023270, 0.9796093463072828023 ) ) ;
#1258 = ORIENTED_EDGE ( 'NONE', *, *, #2812, .F. ) ;
#1259 = CARTESIAN_POINT ( 'NONE',  ( -4.394199999999999662, 3.109707756266841372, 0.8604406052086374102 ) ) ;
#1260 = CARTESIAN_POINT ( 'NONE',  ( 1.800000000000000266, 0.000000000000000000, 0.000000000000000000 ) ) ;
#1261 = CIRCLE ( 'NONE', #820, 0.2999999999999999889 ) ;
#1262 = CARTESIAN_POINT ( 'NONE',  ( -4.394199999999999662, 0.5000000000000000000, -1.139999999999999902 ) ) ;
#1263 = DIRECTION ( 'NONE',  ( -0.000000000000000000, 0.3325146519513070276, 0.9430980894041198770 ) ) ;
#1264 = CYLINDRICAL_SURFACE ( 'NONE', #144, 0.3000000000000000444 ) ;
#1265 = CARTESIAN_POINT ( 'NONE',  ( -1.649999999999999911, 0.000000000000000000, 0.6400000000000000133 ) ) ;
#1266 = EDGE_CURVE ( 'NONE', #842, #186, #111, .T. ) ;
#1267 = CARTESIAN_POINT ( 'NONE',  ( -4.394199999999999662, 1.620000000000000107, 0.9399999999999999467 ) ) ;
#1268 = EDGE_CURVE ( 'NONE', #900, #302, #895, .T. ) ;
#1269 = EDGE_CURVE ( 'NONE', #546, #3082, #1215, .T. ) ;
#1270 = VERTEX_POINT ( 'NONE', #2757 ) ;
#1271 = ADVANCED_FACE ( 'NONE', ( #3355 ), #1741, .T. ) ;
#1272 = EDGE_CURVE ( 'NONE', #1189, #1277, #3321, .T. ) ;
#1273 = VERTEX_POINT ( 'NONE', #920 ) ;
#1274 = ORIENTED_EDGE ( 'NONE', *, *, #682, .F. ) ;
#1275 = DIRECTION ( 'NONE',  ( 0.000000000000000000, -0.7985313159707360109, -0.6019532684636279551 ) ) ;
#1276 = CARTESIAN_POINT ( 'NONE',  ( -4.094199999999999839, 3.092450453576999880, 0.8734496000357999668 ) ) ;
#1277 = VERTEX_POINT ( 'NONE', #3025 ) ;
#1278 = CARTESIAN_POINT ( 'NONE',  ( -1.800000000000000488, 2.899265657985184319, 0.2490233657681930890 ) ) ;
#1279 = ORIENTED_EDGE ( 'NONE', *, *, #3383, .F. ) ;
#1280 = CARTESIAN_POINT ( 'NONE',  ( -4.394199999999999662, 0.5000000000000000000, -0.6400000000000000133 ) ) ;
#1281 = EDGE_CURVE ( 'NONE', #279, #566, #501, .T. ) ;
#1282 = DIRECTION ( 'NONE',  ( 0.000000000000000000, -0.9430980894041198770, 0.3325146519513070276 ) ) ;
#1283 = ADVANCED_FACE ( 'NONE', ( #1986 ), #2833, .T. ) ;
#1284 = VECTOR ( 'NONE', #1318, 1000.000000000000000 ) ;
#1285 = PLANE ( 'NONE',  #446 ) ;
#1286 = LINE ( 'NONE', #765, #1051 ) ;
#1287 = DIRECTION ( 'NONE',  ( -0.000000000000000000, 1.000000000000000000, -0.000000000000000000 ) ) ;
#1288 = DIRECTION ( 'NONE',  ( 0.000000000000000000, 0.000000000000000000, -1.000000000000000000 ) ) ;
#1289 = SHAPE_DEFINITION_REPRESENTATION ( #1960, #2640 ) ;
#1290 = ORIENTED_EDGE ( 'NONE', *, *, #1219, .T. ) ;
#1291 = ORIENTED_EDGE ( 'NONE', *, *, #3227, .T. ) ;
#1292 = AXIS2_PLACEMENT_3D ( 'NONE', #1156, #59, #1112 ) ;
#1293 = EDGE_LOOP ( 'NONE', ( #1804, #2984, #2556, #2709 ) ) ;
#1294 = CARTESIAN_POINT ( 'NONE',  ( 1.500000000000000000, 0.000000000000000000, 0.6400000000000000133 ) ) ;
#1295 = DIRECTION ( 'NONE',  ( -0.000000000000000000, -1.000000000000000000, -0.000000000000000000 ) ) ;
#1296 = ORIENTED_EDGE ( 'NONE', *, *, #2931, .T. ) ;
#1297 = CARTESIAN_POINT ( 'NONE',  ( -4.094199999999999839, 3.450000000000064126, -0.9796093463073367591 ) ) ;
#1298 = EDGE_LOOP ( 'NONE', ( #1108, #1863, #802, #274 ) ) ;
#1299 = LINE ( 'NONE', #532, #2809 ) ;
#1300 = AXIS2_PLACEMENT_3D ( 'NONE', #118, #1187, #3104 ) ;
#1301 = DIRECTION ( 'NONE',  ( 1.000000000000000000, -0.000000000000000000, 0.000000000000000000 ) ) ;
#1302 = AXIS2_PLACEMENT_3D ( 'NONE', #3363, #2037, #3108 ) ;
#1303 = VECTOR ( 'NONE', #1585, 1000.000000000000000 ) ;
#1304 = PLANE ( 'NONE',  #2742 ) ;
#1305 = DIRECTION ( 'NONE',  ( 0.000000000000000000, -0.6019532684636278441, 0.7985313159707362329 ) ) ;
#1306 = CARTESIAN_POINT ( 'NONE',  ( 4.394200000000000550, 2.028450955297989466, -0.3837426740243300993 ) ) ;
#1307 = CARTESIAN_POINT ( 'NONE',  ( 1.800000000000000488, 3.269414019461010845, -0.7400499515161627073 ) ) ;
#1308 = CIRCLE ( 'NONE', #2379, 0.2999999999999998779 ) ;
#1309 = EDGE_CURVE ( 'NONE', #1782, #2775, #2275, .T. ) ;
#1310 = ORIENTED_EDGE ( 'NONE', *, *, #1907, .F. ) ;
#1311 = ORIENTED_EDGE ( 'NONE', *, *, #291, .T. ) ;
#1312 = LINE ( 'NONE', #734, #3212 ) ;
#1313 =( GEOMETRIC_REPRESENTATION_CONTEXT ( 3 ) GLOBAL_UNCERTAINTY_ASSIGNED_CONTEXT ( ( #1608 ) ) GLOBAL_UNIT_ASSIGNED_CONTEXT ( ( #2960, #1251, #3159 ) ) REPRESENTATION_CONTEXT ( 'NONE', 'WORKASPACE' ) );
#1314 = CARTESIAN_POINT ( 'NONE',  ( 1.199999999999999956, 0.000000000000000000, 1.139999999999999902 ) ) ;
#1315 = ORIENTED_EDGE ( 'NONE', *, *, #2883, .T. ) ;
#1316 = CARTESIAN_POINT ( 'NONE',  ( -1.649999999999999911, 0.000000000000000000, 0.4900000000000001021 ) ) ;
#1317 = ORIENTED_EDGE ( 'NONE', *, *, #423, .T. ) ;
#1318 = DIRECTION ( 'NONE',  ( 1.000000000000000000, -0.000000000000000000, 0.000000000000000000 ) ) ;
#1319 = ADVANCED_FACE ( 'NONE', ( #2536 ), #1954, .T. ) ;
#1320 = EDGE_CURVE ( 'NONE', #524, #2480, #2517, .T. ) ;
#1321 = ORIENTED_EDGE ( 'NONE', *, *, #1682, .T. ) ;
#1322 = CARTESIAN_POINT ( 'NONE',  ( -4.394199999999999662, 3.269414019460907816, -0.7400499515160252617 ) ) ;
#1323 = CARTESIAN_POINT ( 'NONE',  ( -1.649999999999999911, 0.2000000000000000111, -0.6400000000000000133 ) ) ;
#1324 = CYLINDRICAL_SURFACE ( 'NONE', #3265, 0.4999999999999998890 ) ;
#1325 = CARTESIAN_POINT ( 'NONE',  ( 4.094199999999999839, 3.269414019460895382, 0.7400499515159615349 ) ) ;
#1326 = ORIENTED_EDGE ( 'NONE', *, *, #3157, .T. ) ;
#1327 = CIRCLE ( 'NONE', #2959, 0.2999999999999999889 ) ;
#1328 = EDGE_LOOP ( 'NONE', ( #3233, #1207, #2533, #1290 ) ) ;
#1329 = VECTOR ( 'NONE', #910, 1000.000000000000000 ) ;
#1330 = EDGE_CURVE ( 'NONE', #2243, #2074, #653, .T. ) ;
#1331 = DIRECTION ( 'NONE',  ( 0.000000000000000000, 0.6019532684636279551, -0.7985313159707360109 ) ) ;
#1332 = ADVANCED_FACE ( 'NONE', ( #387 ), #130, .T. ) ;
#1333 = DIRECTION ( 'NONE',  ( 1.000000000000000000, 0.000000000000000000, -0.000000000000000000 ) ) ;
#1334 = ORIENTED_EDGE ( 'NONE', *, *, #399, .T. ) ;
#1335 = CARTESIAN_POINT ( 'NONE',  ( -4.394199999999999662, 2.500000000000000000, -0.5500000000000000444 ) ) ;
#1336 = ORIENTED_EDGE ( 'NONE', *, *, #292, .T. ) ;
#1337 = CARTESIAN_POINT ( 'NONE',  ( 1.800000000000000488, 2.899265657985184319, 0.2490233657681930890 ) ) ;
#1338 = ORIENTED_EDGE ( 'NONE', *, *, #3456, .T. ) ;
#1339 = DIRECTION ( 'NONE',  ( 0.000000000000000000, -0.6019532684636278441, 0.7985313159707362329 ) ) ;
#1340 = CARTESIAN_POINT ( 'NONE',  ( 2.369999999999999662, 0.000000000000000000, -0.4000000000000000777 ) ) ;
#1341 = CARTESIAN_POINT ( 'NONE',  ( -1.800000000000000266, 0.000000000000000000, -0.6400000000000000133 ) ) ;
#1342 = ORIENTED_EDGE ( 'NONE', *, *, #3319, .T. ) ;
#1343 = CIRCLE ( 'NONE', #1908, 0.2999999999999999334 ) ;
#1344 = ORIENTED_EDGE ( 'NONE', *, *, #1373, .T. ) ;
#1345 = CARTESIAN_POINT ( 'NONE',  ( -4.394199999999999662, 3.450000000000000178, -0.9796093463073001217 ) ) ;
#1346 = VECTOR ( 'NONE', #309, 1000.000000000000000 ) ;
#1347 = DIRECTION ( 'NONE',  ( 0.000000000000000000, -0.7985313159707360109, 0.6019532684636279551 ) ) ;
#1348 = ORIENTED_EDGE ( 'NONE', *, *, #2238, .F. ) ;
#1349 = CARTESIAN_POINT ( 'NONE',  ( -4.394199999999999662, 0.5000000000000000000, -0.9400000000000000577 ) ) ;
#1350 = ORIENTED_EDGE ( 'NONE', *, *, #1684, .T. ) ;
#1351 = LINE ( 'NONE', #792, #1129 ) ;
#1352 = ORIENTED_EDGE ( 'NONE', *, *, #1486, .T. ) ;
#1353 = CIRCLE ( 'NONE', #3427, 0.3000000000000000444 ) ;
#1354 = AXIS2_PLACEMENT_3D ( 'NONE', #3288, #1911, #564 ) ;
#1355 = DIRECTION ( 'NONE',  ( -0.000000000000000000, -1.000000000000000000, -0.000000000000000000 ) ) ;
#1356 = EDGE_CURVE ( 'NONE', #982, #1501, #465, .T. ) ;
#1357 = VECTOR ( 'NONE', #1528, 1000.000000000000000 ) ;
#1358 = PLANE ( 'NONE',  #542 ) ;
#1359 = DIRECTION ( 'NONE',  ( -0.000000000000000000, 0.000000000000000000, 1.000000000000000000 ) ) ;
#1360 = DIRECTION ( 'NONE',  ( 0.000000000000000000, -1.000000000000000000, 0.000000000000000000 ) ) ;
#1361 = CIRCLE ( 'NONE', #1188, 0.4000000000000000222 ) ;
#1362 = EDGE_LOOP ( 'NONE', ( #3300, #3049, #2629, #2315, #3240, #2072, #2665, #963, #1141, #115, #2003, #3244, #791, #1132 ) ) ;
#1363 = VERTEX_POINT ( 'NONE', #3452 ) ;
#1364 = DIRECTION ( 'NONE',  ( 0.000000000000000000, 0.000000000000000000, -1.000000000000000000 ) ) ;
#1365 = ORIENTED_EDGE ( 'NONE', *, *, #735, .F. ) ;
#1366 = CARTESIAN_POINT ( 'NONE',  ( 4.394200000000000550, 2.217070573178985704, 0.4502456044146405656 ) ) ;
#1367 = VERTEX_POINT ( 'NONE', #2362 ) ;
#1368 = LINE ( 'NONE', #547, #3275 ) ;
#1369 = ORIENTED_EDGE ( 'NONE', *, *, #656, .F. ) ;
#1370 = ORIENTED_EDGE ( 'NONE', *, *, #83, .F. ) ;
#1371 = CIRCLE ( 'NONE', #28, 0.2999999999999999889 ) ;
#1372 = PRESENTATION_STYLE_ASSIGNMENT (( #485 ) ) ;
#1373 = EDGE_CURVE ( 'NONE', #751, #508, #712, .T. ) ;
#1374 = DIRECTION ( 'NONE',  ( -0.000000000000000000, -0.7985313159707360109, -0.6019532684636279551 ) ) ;
#1375 = LINE ( 'NONE', #2204, #2799 ) ;
#1376 = AXIS2_PLACEMENT_3D ( 'NONE', #1473, #402, #2546 ) ;
#1377 = DIRECTION ( 'NONE',  ( 0.000000000000000000, 0.000000000000000000, -1.000000000000000000 ) ) ;
#1378 = MECHANICAL_DESIGN_GEOMETRIC_PRESENTATION_REPRESENTATION (  '', ( #1549 ), #314 ) ;
#1379 = ORIENTED_EDGE ( 'NONE', *, *, #646, .T. ) ;
#1380 = EDGE_CURVE ( 'NONE', #3340, #1715, #2046, .T. ) ;
#1381 = EDGE_CURVE ( 'NONE', #2633, #175, #3412, .T. ) ;
#1382 = DIRECTION ( 'NONE',  ( -1.000000000000000000, -0.000000000000000000, 0.000000000000000000 ) ) ;
#1383 = EDGE_CURVE ( 'NONE', #1433, #637, #2383, .T. ) ;
#1384 = LINE ( 'NONE', #2810, #3333 ) ;
#1385 = EDGE_LOOP ( 'NONE', ( #1889, #2666, #2127, #1234 ) ) ;
#1386 = CARTESIAN_POINT ( 'NONE',  ( -4.394199999999999662, 2.091549044701971116, -0.8062573259758446520 ) ) ;
#1387 = ORIENTED_EDGE ( 'NONE', *, *, #2885, .T. ) ;
#1388 = EDGE_LOOP ( 'NONE', ( #3442, #3414, #3305, #2241 ) ) ;
#1389 = EDGE_CURVE ( 'NONE', #3438, #352, #520, .T. ) ;
#1390 = DIRECTION ( 'NONE',  ( 0.000000000000000000, -0.000000000000000000, 1.000000000000000000 ) ) ;
#1391 = CARTESIAN_POINT ( 'NONE',  ( 4.394199999999999662, 2.091549044702156746, 0.8062573259757214172 ) ) ;
#1392 = PLANE ( 'NONE',  #345 ) ;
#1393 = VERTEX_POINT ( 'NONE', #2643 ) ;
#1394 = VECTOR ( 'NONE', #2793, 1000.000000000000000 ) ;
#1395 = CARTESIAN_POINT ( 'NONE',  ( -4.394199999999999662, 2.028450955298000125, -0.3837426740243000123 ) ) ;
#1396 = VECTOR ( 'NONE', #1567, 1000.000000000000000 ) ;
#1397 = ORIENTED_EDGE ( 'NONE', *, *, #3033, .T. ) ;
#1398 = DIRECTION ( 'NONE',  ( -0.000000000000000000, 0.000000000000000000, 1.000000000000000000 ) ) ;
#1399 = ORIENTED_EDGE ( 'NONE', *, *, #439, .T. ) ;
#1400 = EDGE_CURVE ( 'NONE', #2525, #3195, #3437, .T. ) ;
#1401 = VERTEX_POINT ( 'NONE', #205 ) ;
#1402 = CARTESIAN_POINT ( 'NONE',  ( -4.394199999999999662, 2.028450955298000125, -0.3837426740243000123 ) ) ;
#1403 = CARTESIAN_POINT ( 'NONE',  ( -2.100000000000000089, 3.109707756266919088, 0.8604406052087890666 ) ) ;
#1404 = DIRECTION ( 'NONE',  ( 1.000000000000000000, 0.000000000000000000, 0.000000000000000000 ) ) ;
#1405 = ORIENTED_EDGE ( 'NONE', *, *, #836, .F. ) ;
#1406 = CIRCLE ( 'NONE', #296, 0.2999999999999999889 ) ;
#1407 = VECTOR ( 'NONE', #2105, 1000.000000000000000 ) ;
#1408 = FACE_OUTER_BOUND ( 'NONE', #1467, .T. ) ;
#1409 = ADVANCED_FACE ( 'NONE', ( #3174 ), #1536, .T. ) ;
#1410 = CYLINDRICAL_SURFACE ( 'NONE', #534, 0.5000000000000000000 ) ;
#1411 = EDGE_LOOP ( 'NONE', ( #1824, #1127, #2418, #749 ) ) ;
#1412 = CARTESIAN_POINT ( 'NONE',  ( -4.394199999999999662, 2.091549044702038618, -0.8062573259757136457 ) ) ;
#1413 = ORIENTED_EDGE ( 'NONE', *, *, #242, .T. ) ;
#1414 = VECTOR ( 'NONE', #766, 1000.000000000000000 ) ;
#1415 = ORIENTED_EDGE ( 'NONE', *, *, #2234, .F. ) ;
#1416 = CARTESIAN_POINT ( 'NONE',  ( -4.394199999999999662, 2.739559394791000191, -0.3694140194609000782 ) ) ;
#1417 = ADVANCED_FACE ( 'NONE', ( #447, #1516, #189 ), #3431, .T. ) ;
#1418 = EDGE_CURVE ( 'NONE', #8, #3310, #747, .T. ) ;
#1419 = EDGE_CURVE ( 'NONE', #3358, #991, #2332, .T. ) ;
#1420 = LINE ( 'NONE', #363, #987 ) ;
#1421 = DIRECTION ( 'NONE',  ( 0.000000000000000000, 0.6019532684636278441, -0.7985313159707362329 ) ) ;
#1422 = DIRECTION ( 'NONE',  ( 0.000000000000000000, -1.000000000000000000, 0.000000000000000000 ) ) ;
#1423 = ORIENTED_EDGE ( 'NONE', *, *, #2860, .F. ) ;
#1424 = VECTOR ( 'NONE', #2184, 1000.000000000000114 ) ;
#1425 = DIRECTION ( 'NONE',  ( 1.000000000000000000, 0.000000000000000000, 0.000000000000000000 ) ) ;
#1426 = VECTOR ( 'NONE', #1758, 1000.000000000000000 ) ;
#1427 = CIRCLE ( 'NONE', #3176, 0.4000000000000000222 ) ;
#1428 = CARTESIAN_POINT ( 'NONE',  ( -4.394199999999999662, 2.217070573179000359, 0.4502456044146000425 ) ) ;
#1429 = EDGE_CURVE ( 'NONE', #1123, #452, #519, .T. ) ;
#1430 = EDGE_CURVE ( 'NONE', #3310, #2263, #995, .T. ) ;
#1431 = ORIENTED_EDGE ( 'NONE', *, *, #805, .F. ) ;
#1432 = CARTESIAN_POINT ( 'NONE',  ( -4.394199999999999662, 0.000000000000000000, 0.4000000000000000222 ) ) ;
#1433 = VERTEX_POINT ( 'NONE', #3156 ) ;
#1434 = CIRCLE ( 'NONE', #1941, 0.5000000000000000000 ) ;
#1435 = ORIENTED_EDGE ( 'NONE', *, *, #2157, .F. ) ;
#1436 = DIRECTION ( 'NONE',  ( 0.000000000000000000, 0.000000000000000000, -1.000000000000000000 ) ) ;
#1437 = FACE_OUTER_BOUND ( 'NONE', #2703, .T. ) ;
#1438 = CARTESIAN_POINT ( 'NONE',  ( 1.800000000000000488, 0.5000000000000000000, 0.6400000000000000133 ) ) ;
#1439 = DIRECTION ( 'NONE',  ( -0.000000000000000000, 1.000000000000000000, -0.000000000000000000 ) ) ;
#1440 = ORIENTED_EDGE ( 'NONE', *, *, #2200, .T. ) ;
#1441 = CARTESIAN_POINT ( 'NONE',  ( -1.500000000000000000, 0.000000000000000000, 0.6400000000000000133 ) ) ;
#1442 = CARTESIAN_POINT ( 'NONE',  ( -4.394199999999999662, 2.500000000000000000, 0.5500000000000000444 ) ) ;
#1443 = CARTESIAN_POINT ( 'NONE',  ( 1.800000000000000488, 1.620000000000000107, 0.9399999999999999467 ) ) ;
#1444 = EDGE_LOOP ( 'NONE', ( #811, #192, #2706, #207 ) ) ;
#1445 = FACE_OUTER_BOUND ( 'NONE', #3210, .T. ) ;
#1446 = ORIENTED_EDGE ( 'NONE', *, *, #1682, .F. ) ;
#1447 = DIRECTION ( 'NONE',  ( -1.000000000000000000, -0.000000000000000000, -0.000000000000000000 ) ) ;
#1448 = ORIENTED_EDGE ( 'NONE', *, *, #36, .F. ) ;
#1449 = DIRECTION ( 'NONE',  ( 0.000000000000000000, -0.6019532684636278441, -0.7985313159707362329 ) ) ;
#1450 = VECTOR ( 'NONE', #1263, 1000.000000000000000 ) ;
#1451 = EDGE_CURVE ( 'NONE', #1975, #223, #1034, .T. ) ;
#1452 = VECTOR ( 'NONE', #3297, 1000.000000000000000 ) ;
#1453 = CARTESIAN_POINT ( 'NONE',  ( 4.394199999999999662, 3.109707756266880896, 0.8604406052087385515 ) ) ;
#1454 = DIRECTION ( 'NONE',  ( 0.000000000000000000, 0.000000000000000000, -1.000000000000000000 ) ) ;
#1455 = CARTESIAN_POINT ( 'NONE',  ( 4.394199999999999662, 1.902929426821118097, 0.7397543955853961295 ) ) ;
#1456 = VERTEX_POINT ( 'NONE', #2889 ) ;
#1457 = DIRECTION ( 'NONE',  ( 0.000000000000000000, 0.000000000000000000, -1.000000000000000000 ) ) ;
#1458 = DIRECTION ( 'NONE',  ( 0.000000000000000000, -0.3325146519513070276, 0.9430980894041198770 ) ) ;
#1459 = AXIS2_PLACEMENT_3D ( 'NONE', #1472, #721, #2321 ) ;
#1460 = EDGE_CURVE ( 'NONE', #2401, #295, #3371, .T. ) ;
#1461 = AXIS2_PLACEMENT_3D ( 'NONE', #2352, #962, #981 ) ;
#1462 = DIRECTION ( 'NONE',  ( 1.000000000000000000, 0.000000000000000000, 0.000000000000000000 ) ) ;
#1463 = AXIS2_PLACEMENT_3D ( 'NONE', #1280, #2356, #759 ) ;
#1464 = EDGE_LOOP ( 'NONE', ( #1135, #2035, #1311, #2852 ) ) ;
#1465 = DIRECTION ( 'NONE',  ( -1.000000000000000000, 0.000000000000000000, -0.000000000000000000 ) ) ;
#1466 = VECTOR ( 'NONE', #1243, 1000.000000000000000 ) ;
#1467 = EDGE_LOOP ( 'NONE', ( #2365, #153, #639, #502, #2333, #1851, #3106, #1675, #209, #3270, #1106, #101, #2879, #3063 ) ) ;
#1468 = DIRECTION ( 'NONE',  ( 0.000000000000000000, -1.000000000000000000, 0.000000000000000000 ) ) ;
#1469 = AXIS2_PLACEMENT_3D ( 'NONE', #3040, #366, #2496 ) ;
#1470 = VERTEX_POINT ( 'NONE', #1554 ) ;
#1471 = CARTESIAN_POINT ( 'NONE',  ( 4.394199999999999662, 0.5000000000000000000, 0.9399999999999999467 ) ) ;
#1472 = CARTESIAN_POINT ( 'NONE',  ( -4.394199999999999662, 0.5000000000000000000, -0.6400000000000000133 ) ) ;
#1473 = CARTESIAN_POINT ( 'NONE',  ( -2.100000000000000089, 3.098026867049000099, 0.8692459573630000325 ) ) ;
#1474 = DIRECTION ( 'NONE',  ( 0.000000000000000000, -0.6019532684636278441, -0.7985313159707362329 ) ) ;
#1475 = ADVANCED_FACE ( 'NONE', ( #221 ), #240, .F. ) ;
#1476 = FACE_OUTER_BOUND ( 'NONE', #2656, .T. ) ;
#1477 = VERTEX_POINT ( 'NONE', #1307 ) ;
#1478 = EDGE_CURVE ( 'NONE', #1637, #1846, #581, .T. ) ;
#1479 = CARTESIAN_POINT ( 'NONE',  ( 1.800000000000000488, 3.290293736805999902, 1.100000000000000089 ) ) ;
#1480 = FACE_OUTER_BOUND ( 'NONE', #1101, .T. ) ;
#1481 = DIRECTION ( 'NONE',  ( -0.000000000000000000, 1.000000000000000000, -0.000000000000000000 ) ) ;
#1482 = AXIS2_PLACEMENT_3D ( 'NONE', #1335, #1928, #3245 ) ;
#1483 = VERTEX_POINT ( 'NONE', #1341 ) ;
#1484 = ORIENTED_EDGE ( 'NONE', *, *, #2988, .T. ) ;
#1485 = CIRCLE ( 'NONE', #1050, 0.5000000000000000000 ) ;
#1486 = EDGE_CURVE ( 'NONE', #1929, #37, #2465, .T. ) ;
#1487 = CARTESIAN_POINT ( 'NONE',  ( 1.649999999999999911, 0.2000000000000000111, 0.6400000000000000133 ) ) ;
#1488 = CYLINDRICAL_SURFACE ( 'NONE', #395, 0.4000000000000000222 ) ;
#1489 = ORIENTED_EDGE ( 'NONE', *, *, #761, .T. ) ;
#1490 = DIRECTION ( 'NONE',  ( 0.000000000000000000, 0.000000000000000000, -1.000000000000000000 ) ) ;
#1491 = PLANE ( 'NONE',  #3432 ) ;
#1492 = VECTOR ( 'NONE', #2754, 1000.000000000000000 ) ;
#1493 = CARTESIAN_POINT ( 'NONE',  ( -4.394199999999999662, 2.899265657985304223, -0.2490233657681027724 ) ) ;
#1494 = AXIS2_PLACEMENT_3D ( 'NONE', #1561, #2390, #700 ) ;
#1495 = FACE_OUTER_BOUND ( 'NONE', #758, .T. ) ;
#1496 = DIRECTION ( 'NONE',  ( 0.000000000000000000, -1.000000000000000000, 0.000000000000000000 ) ) ;
#1497 = VERTEX_POINT ( 'NONE', #2205 ) ;
#1498 = DIRECTION ( 'NONE',  ( -1.000000000000000000, -0.000000000000000000, 0.000000000000000000 ) ) ;
#1499 = DIRECTION ( 'NONE',  ( -0.000000000000000000, 0.000000000000000000, 1.000000000000000000 ) ) ;
#1500 = LINE ( 'NONE', #2573, #2442 ) ;
#1501 = VERTEX_POINT ( 'NONE', #3470 ) ;
#1502 = VERTEX_POINT ( 'NONE', #3223 ) ;
#1503 = ORIENTED_EDGE ( 'NONE', *, *, #2262, .T. ) ;
#1504 = DIRECTION ( 'NONE',  ( 0.000000000000000000, 0.000000000000000000, -1.000000000000000000 ) ) ;
#1505 = CARTESIAN_POINT ( 'NONE',  ( 1.800000000000000488, 1.902929426821244885, -0.7397543955854408715 ) ) ;
#1506 = ORIENTED_EDGE ( 'NONE', *, *, #1460, .T. ) ;
#1507 = FACE_OUTER_BOUND ( 'NONE', #3416, .T. ) ;
#1508 = CYLINDRICAL_SURFACE ( 'NONE', #1459, 0.4999999999999998890 ) ;
#1509 = EDGE_CURVE ( 'NONE', #2212, #606, #3238, .T. ) ;
#1510 = VECTOR ( 'NONE', #2002, 1000.000000000000000 ) ;
#1511 = DIRECTION ( 'NONE',  ( 0.000000000000000000, 0.000000000000000000, -1.000000000000000000 ) ) ;
#1512 = DIRECTION ( 'NONE',  ( 0.000000000000000000, -0.7985313159707360109, 0.6019532684636279551 ) ) ;
#1513 = PLANE ( 'NONE',  #2240 ) ;
#1514 = ORIENTED_EDGE ( 'NONE', *, *, #2572, .T. ) ;
#1515 = DIRECTION ( 'NONE',  ( 0.000000000000000000, -0.000000000000000000, -1.000000000000000000 ) ) ;
#1516 = FACE_BOUND ( 'NONE', #1464, .T. ) ;
#1517 = ORIENTED_EDGE ( 'NONE', *, *, #2304, .T. ) ;
#1518 = ORIENTED_EDGE ( 'NONE', *, *, #3027, .T. ) ;
#1519 = VERTEX_POINT ( 'NONE', #819 ) ;
#1520 = ADVANCED_FACE ( 'NONE', ( #273 ), #1113, .T. ) ;
#1521 = FACE_OUTER_BOUND ( 'NONE', #860, .T. ) ;
#1522 = DIRECTION ( 'NONE',  ( 0.000000000000000000, 0.000000000000000000, -1.000000000000000000 ) ) ;
#1523 = ORIENTED_EDGE ( 'NONE', *, *, #3398, .F. ) ;
#1524 = CARTESIAN_POINT ( 'NONE',  ( -4.394199999999999662, 0.5000000000000000000, 0.6400000000000000133 ) ) ;
#1525 = CARTESIAN_POINT ( 'NONE',  ( -1.500000000000000000, 0.000000000000000000, -0.8400000000000000799 ) ) ;
#1526 = VECTOR ( 'NONE', #2155, 1000.000000000000000 ) ;
#1527 = EDGE_CURVE ( 'NONE', #1946, #2147, #293, .T. ) ;
#1528 = DIRECTION ( 'NONE',  ( -1.000000000000000000, -0.000000000000000000, -0.000000000000000000 ) ) ;
#1529 = EDGE_CURVE ( 'NONE', #1223, #3283, #1693, .T. ) ;
#1530 = ADVANCED_FACE ( 'NONE', ( #2963 ), #1392, .T. ) ;
#1531 = CARTESIAN_POINT ( 'NONE',  ( 4.394199999999999662, 2.899265657985184319, 0.2490233657681930890 ) ) ;
#1532 = EDGE_CURVE ( 'NONE', #958, #324, #1905, .T. ) ;
#1533 = EDGE_CURVE ( 'NONE', #2467, #1975, #2713, .T. ) ;
#1534 = CARTESIAN_POINT ( 'NONE',  ( 4.394199999999999662, 1.902929426821244885, -0.7397543955854408715 ) ) ;
#1535 = LINE ( 'NONE', #2924, #1771 ) ;
#1536 = CYLINDRICAL_SURFACE ( 'NONE', #1969, 0.5000000000000000000 ) ;
#1537 = VERTEX_POINT ( 'NONE', #3269 ) ;
#1538 = CIRCLE ( 'NONE', #1136, 0.4000000000000000222 ) ;
#1539 = EDGE_LOOP ( 'NONE', ( #1888, #3329, #3198, #1683 ) ) ;
#1540 = ORIENTED_EDGE ( 'NONE', *, *, #690, .T. ) ;
#1541 = CARTESIAN_POINT ( 'NONE',  ( 1.800000000000000488, 2.500000000000000000, 0.5500000000000000444 ) ) ;
#1542 = EDGE_CURVE ( 'NONE', #1393, #3289, #2313, .T. ) ;
#1543 = CYLINDRICAL_SURFACE ( 'NONE', #67, 0.2999999999999999889 ) ;
#1544 = ORIENTED_EDGE ( 'NONE', *, *, #2317, .T. ) ;
#1545 = CARTESIAN_POINT ( 'NONE',  ( 2.370000000000000107, 0.000000000000000000, 0.4000000000000000222 ) ) ;
#1546 = VECTOR ( 'NONE', #1155, 1000.000000000000000 ) ;
#1547 = ORIENTED_EDGE ( 'NONE', *, *, #3249, .T. ) ;
#1548 = DIRECTION ( 'NONE',  ( 0.000000000000000000, 0.000000000000000000, -1.000000000000000000 ) ) ;
#1549 = STYLED_ITEM ( 'NONE', ( #1578 ), #2007 ) ;
#1550 = DIRECTION ( 'NONE',  ( 0.000000000000000000, 0.000000000000000000, -1.000000000000000000 ) ) ;
#1551 = DIRECTION ( 'NONE',  ( 1.000000000000000000, -0.000000000000000000, 0.000000000000000000 ) ) ;
#1552 = CARTESIAN_POINT ( 'NONE',  ( 4.394200000000003214, 1.902929426820999970, 0.7397543955854000153 ) ) ;
#1553 = LINE ( 'NONE', #2683, #1414 ) ;
#1554 = CARTESIAN_POINT ( 'NONE',  ( 4.394199999999999662, 2.500000000000000000, 0.05000000000000002359 ) ) ;
#1555 = EDGE_LOOP ( 'NONE', ( #1937, #1892, #708, #371 ) ) ;
#1556 = VERTEX_POINT ( 'NONE', #48 ) ;
#1557 = ORIENTED_EDGE ( 'NONE', *, *, #1083, .F. ) ;
#1558 = CARTESIAN_POINT ( 'NONE',  ( 4.394199999999999662, 0.5000000000000000000, -0.9400000000000000577 ) ) ;
#1559 = DIRECTION ( 'NONE',  ( 0.000000000000000000, 0.000000000000000000, 1.000000000000000000 ) ) ;
#1560 = ORIENTED_EDGE ( 'NONE', *, *, #2860, .T. ) ;
#1561 = CARTESIAN_POINT ( 'NONE',  ( -4.394199999999999662, 0.5000000000000000000, 0.6400000000000000133 ) ) ;
#1562 = ORIENTED_EDGE ( 'NONE', *, *, #1083, .T. ) ;
#1563 = CARTESIAN_POINT ( 'NONE',  ( 4.394199999999999662, 0.000000000000000000, 0.6400000000000000133 ) ) ;
#1564 = FACE_OUTER_BOUND ( 'NONE', #3094, .T. ) ;
#1565 = VECTOR ( 'NONE', #2237, 1000.000000000000000 ) ;
#1566 = EDGE_CURVE ( 'NONE', #900, #570, #2977, .T. ) ;
#1567 = DIRECTION ( 'NONE',  ( -0.000000000000000000, -1.000000000000000000, -0.000000000000000000 ) ) ;
#1568 = AXIS2_PLACEMENT_3D ( 'NONE', #78, #650, #404 ) ;
#1569 = DIRECTION ( 'NONE',  ( -0.000000000000000000, -0.3325146519513070276, 0.9430980894041198770 ) ) ;
#1570 = CARTESIAN_POINT ( 'NONE',  ( -4.394199999999999662, 0.5000000000000000000, 0.6400000000000000133 ) ) ;
#1571 = DIRECTION ( 'NONE',  ( -0.000000000000000000, -1.000000000000000000, -0.000000000000000000 ) ) ;
#1572 = VERTEX_POINT ( 'NONE', #1936 ) ;
#1573 = CLOSED_SHELL ( 'NONE', ( #3328, #647, #772, #3286, #1319, #32, #1417, #552, #914, #434, #2875, #2928, #1060, #1593, #2601, #1898, #1695, #3189, #1475, #540, #2528, #3206, #195, #3140, #2992, #1784, #2770, #1644, #3012, #601, #1530, #996, #184, #3268, #1624, #949, #2627, #2678, #2826, #1897, #2711, #2512, #1048, #1283, #1520, #135, #1247, #1196, #3075, #193, #180, #1067, #960, #225, #2363, #1160, #381, #1622, #2550, #890, #1162, #1854, #1836, #148, #2527, #1999, #326, #305, #939, #321, #561, #2995, #1656, #386, #2259, #13, #880, #2803, #2768, #2779, #330, #2416, #2295, #2175, #2376, #1271, #1012, #2625, #3084, #2940, #2767, #74, #1930, #3123, #1409, #1206, #1332, #1017, #863, #433, #3285, #2509, #30, #2468 ) ) ;
#1574 = ORIENTED_EDGE ( 'NONE', *, *, #1478, .F. ) ;
#1575 = EDGE_CURVE ( 'NONE', #2836, #524, #2432, .T. ) ;
#1576 = EDGE_CURVE ( 'NONE', #2090, #511, #2716, .T. ) ;
#1577 = DIRECTION ( 'NONE',  ( 0.000000000000000000, 0.000000000000000000, -1.000000000000000000 ) ) ;
#1578 = PRESENTATION_STYLE_ASSIGNMENT (( #773 ) ) ;
#1579 = ORIENTED_EDGE ( 'NONE', *, *, #3157, .F. ) ;
#1580 = DIRECTION ( 'NONE',  ( 0.000000000000000000, 0.000000000000000000, -1.000000000000000000 ) ) ;
#1581 = ORIENTED_EDGE ( 'NONE', *, *, #236, .T. ) ;
#1582 = CARTESIAN_POINT ( 'NONE',  ( -1.800000000000000488, 1.620000000000000107, 0.6400000000000000133 ) ) ;
#1583 = VECTOR ( 'NONE', #2580, 1000.000000000000000 ) ;
#1584 = ORIENTED_EDGE ( 'NONE', *, *, #626, .T. ) ;
#1585 = DIRECTION ( 'NONE',  ( 1.000000000000000000, 0.000000000000000000, 0.000000000000000000 ) ) ;
#1586 = AXIS2_PLACEMENT_3D ( 'NONE', #1213, #1422, #2774 ) ;
#1587 = VECTOR ( 'NONE', #2148, 1000.000000000000000 ) ;
#1588 = VECTOR ( 'NONE', #3205, 1000.000000000000000 ) ;
#1589 = EDGE_CURVE ( 'NONE', #2525, #2781, #2996, .T. ) ;
#1590 = DIRECTION ( 'NONE',  ( 1.000000000000000000, -0.000000000000000000, 0.000000000000000000 ) ) ;
#1591 = DIRECTION ( 'NONE',  ( 0.000000000000000000, 0.6019532684636279551, 0.7985313159707360109 ) ) ;
#1592 = DIRECTION ( 'NONE',  ( -0.000000000000000000, -0.000000000000000000, 1.000000000000000000 ) ) ;
#1593 = ADVANCED_FACE ( 'NONE', ( #2662 ), #3254, .F. ) ;
#1594 = CIRCLE ( 'NONE', #2816, 0.4999999999999998890 ) ;
#1595 = ORIENTED_EDGE ( 'NONE', *, *, #113, .F. ) ;
#1596 = ORIENTED_EDGE ( 'NONE', *, *, #903, .F. ) ;
#1597 = DIRECTION ( 'NONE',  ( 1.000000000000000000, 0.000000000000000000, 0.000000000000000000 ) ) ;
#1598 = CIRCLE ( 'NONE', #200, 0.5000000000000000000 ) ;
#1599 = DIRECTION ( 'NONE',  ( -0.000000000000000000, -0.6019532684636279551, 0.7985313159707360109 ) ) ;
#1600 = ORIENTED_EDGE ( 'NONE', *, *, #3030, .F. ) ;
#1601 = CARTESIAN_POINT ( 'NONE',  ( 1.800000000000000488, 0.5000000000000000000, -1.139999999999999902 ) ) ;
#1602 = EDGE_LOOP ( 'NONE', ( #599, #2448, #1906, #3318 ) ) ;
#1603 = FACE_OUTER_BOUND ( 'NONE', #1411, .T. ) ;
#1604 = AXIS2_PLACEMENT_3D ( 'NONE', #2078, #456, #775 ) ;
#1605 = VERTEX_POINT ( 'NONE', #590 ) ;
#1606 = VECTOR ( 'NONE', #2552, 1000.000000000000000 ) ;
#1607 = VECTOR ( 'NONE', #289, 1000.000000000000000 ) ;
#1608 = UNCERTAINTY_MEASURE_WITH_UNIT (LENGTH_MEASURE( 1.000000000000000082E-05 ), #2960, 'distance_accuracy_value', 'NONE');
#1609 = LINE ( 'NONE', #2463, #3454 ) ;
#1610 = CARTESIAN_POINT ( 'NONE',  ( 1.800000000000000488, 1.620000000000000107, -1.139999999999999902 ) ) ;
#1611 = CARTESIAN_POINT ( 'NONE',  ( -3.350000000000000089, 0.000000000000000000, 0.4000000000000000222 ) ) ;
#1612 = ORIENTED_EDGE ( 'NONE', *, *, #2051, .T. ) ;
#1613 = VECTOR ( 'NONE', #3155, 1000.000000000000000 ) ;
#1614 = VERTEX_POINT ( 'NONE', #1661 ) ;
#1615 = VECTOR ( 'NONE', #2505, 1000.000000000000000 ) ;
#1616 = DIRECTION ( 'NONE',  ( -0.000000000000000000, 0.000000000000000000, -1.000000000000000000 ) ) ;
#1617 = FACE_OUTER_BOUND ( 'NONE', #825, .T. ) ;
#1618 = EDGE_LOOP ( 'NONE', ( #1763, #2454, #2722, #1055 ) ) ;
#1619 = CARTESIAN_POINT ( 'NONE',  ( -1.800000000000000488, 3.109707756266936407, 0.8604406052088120482 ) ) ;
#1620 = ORIENTED_EDGE ( 'NONE', *, *, #905, .F. ) ;
#1621 = PLANE ( 'NONE',  #55 ) ;
#1622 = ADVANCED_FACE ( 'NONE', ( #1072 ), #2731, .T. ) ;
#1623 = DIRECTION ( 'NONE',  ( 0.000000000000000000, 0.9430980894041198770, -0.3325146519513070276 ) ) ;
#1624 = ADVANCED_FACE ( 'NONE', ( #2548 ), #3074, .T. ) ;
#1625 = APPLICATION_PROTOCOL_DEFINITION ( 'draft international standard', 'automotive_design', 1998, #2513 ) ;
#1626 = LINE ( 'NONE', #3221, #2056 ) ;
#1627 = LINE ( 'NONE', #2697, #1174 ) ;
#1628 = DIRECTION ( 'NONE',  ( -0.000000000000000000, 0.3325146519513070276, 0.9430980894041198770 ) ) ;
#1629 = VERTEX_POINT ( 'NONE', #2741 ) ;
#1630 = AXIS2_PLACEMENT_3D ( 'NONE', #3448, #1496, #1049 ) ;
#1631 = EDGE_LOOP ( 'NONE', ( #1699, #2169, #1350, #1989 ) ) ;
#1632 = PLANE ( 'NONE',  #2165 ) ;
#1633 = AXIS2_PLACEMENT_3D ( 'NONE', #3039, #1244, #442 ) ;
#1634 = CARTESIAN_POINT ( 'NONE',  ( -4.394199999999999662, 0.5599999999999999423, -0.9399999999999999467 ) ) ;
#1635 = EDGE_LOOP ( 'NONE', ( #2735, #2575, #86, #2282 ) ) ;
#1636 = FACE_OUTER_BOUND ( 'NONE', #587, .T. ) ;
#1637 = VERTEX_POINT ( 'NONE', #1157 ) ;
#1638 = EDGE_CURVE ( 'NONE', #3127, #2147, #1361, .T. ) ;
#1639 = VERTEX_POINT ( 'NONE', #335 ) ;
#1640 = AXIS2_PLACEMENT_3D ( 'NONE', #1210, #985, #965 ) ;
#1641 = AXIS2_PLACEMENT_3D ( 'NONE', #2819, #1785, #676 ) ;
#1642 = EDGE_CURVE ( 'NONE', #2680, #1273, #3161, .T. ) ;
#1643 = AXIS2_PLACEMENT_3D ( 'NONE', #2318, #435, #2094 ) ;
#1644 = ADVANCED_FACE ( 'NONE', ( #1705 ), #1720, .F. ) ;
#1645 = DIRECTION ( 'NONE',  ( -0.000000000000000000, -1.000000000000000000, -0.000000000000000000 ) ) ;
#1646 = DIRECTION ( 'NONE',  ( -1.000000000000000000, -0.000000000000000000, -0.000000000000000000 ) ) ;
#1647 = EDGE_CURVE ( 'NONE', #1483, #3082, #887, .T. ) ;
#1648 = DIRECTION ( 'NONE',  ( 0.000000000000000000, -0.6019532684636278441, -0.7985313159707362329 ) ) ;
#1649 = AXIS2_PLACEMENT_3D ( 'NONE', #892, #351, #1965 ) ;
#1650 = ORIENTED_EDGE ( 'NONE', *, *, #1070, .F. ) ;
#1651 = CARTESIAN_POINT ( 'NONE',  ( 1.199999999999999956, 0.2000000000000000111, 1.139999999999999902 ) ) ;
#1652 = DIRECTION ( 'NONE',  ( -1.000000000000000000, -0.000000000000000000, -0.000000000000000000 ) ) ;
#1653 = ORIENTED_EDGE ( 'NONE', *, *, #72, .F. ) ;
#1654 = CARTESIAN_POINT ( 'NONE',  ( 4.394199999999999662, 2.500000000000000000, -0.5500000000000000444 ) ) ;
#1655 = ORIENTED_EDGE ( 'NONE', *, *, #2152, .T. ) ;
#1656 = ADVANCED_FACE ( 'NONE', ( #2508 ), #605, .T. ) ;
#1657 = ORIENTED_EDGE ( 'NONE', *, *, #1429, .F. ) ;
#1658 = FACE_OUTER_BOUND ( 'NONE', #2510, .T. ) ;
#1659 = LINE ( 'NONE', #3267, #3463 ) ;
#1660 = AXIS2_PLACEMENT_3D ( 'NONE', #2103, #2887, #2381 ) ;
#1661 = CARTESIAN_POINT ( 'NONE',  ( 4.394199999999999662, 0.000000000000000000, -0.6400000000000000133 ) ) ;
#1662 = VECTOR ( 'NONE', #1797, 1000.000000000000000 ) ;
#1663 = VERTEX_POINT ( 'NONE', #2251 ) ;
#1664 = EDGE_CURVE ( 'NONE', #1277, #1178, #3023, .T. ) ;
#1665 = LINE ( 'NONE', #1395, #1096 ) ;
#1666 = VECTOR ( 'NONE', #2653, 1000.000000000000000 ) ;
#1667 = ORIENTED_EDGE ( 'NONE', *, *, #2159, .F. ) ;
#1668 = CARTESIAN_POINT ( 'NONE',  ( 4.394199999999999662, 0.5000000000000000000, -1.139999999999999902 ) ) ;
#1669 = ORIENTED_EDGE ( 'NONE', *, *, #44, .T. ) ;
#1670 = ORIENTED_EDGE ( 'NONE', *, *, #3041, .T. ) ;
#1671 = DIRECTION ( 'NONE',  ( 0.000000000000000000, 0.000000000000000000, -1.000000000000000000 ) ) ;
#1672 = EDGE_CURVE ( 'NONE', #2732, #2467, #1952, .T. ) ;
#1673 = DIRECTION ( 'NONE',  ( 1.000000000000000000, 0.000000000000000000, 0.000000000000000000 ) ) ;
#1674 = DIRECTION ( 'NONE',  ( 0.000000000000000000, -0.3325146519513070276, 0.9430980894041198770 ) ) ;
#1675 = ORIENTED_EDGE ( 'NONE', *, *, #2576, .T. ) ;
#1676 = LINE ( 'NONE', #233, #241 ) ;
#1677 = CARTESIAN_POINT ( 'NONE',  ( -4.394199999999999662, 2.739559394791135638, 0.3694140194607983263 ) ) ;
#1678 = AXIS2_PLACEMENT_3D ( 'NONE', #218, #2827, #1756 ) ;
#1679 = EDGE_CURVE ( 'NONE', #1690, #2334, #3022, .T. ) ;
#1680 = ORIENTED_EDGE ( 'NONE', *, *, #471, .F. ) ;
#1681 = FACE_OUTER_BOUND ( 'NONE', #3177, .T. ) ;
#1682 = EDGE_CURVE ( 'NONE', #2486, #431, #1791, .T. ) ;
#1683 = ORIENTED_EDGE ( 'NONE', *, *, #764, .T. ) ;
#1684 = EDGE_CURVE ( 'NONE', #1118, #1831, #146, .T. ) ;
#1685 = EDGE_LOOP ( 'NONE', ( #2215, #1235, #2569, #3059 ) ) ;
#1686 = DIRECTION ( 'NONE',  ( -0.000000000000000000, 0.7985313159707360109, 0.6019532684636279551 ) ) ;
#1687 = PLANE ( 'NONE',  #1765 ) ;
#1688 = DIRECTION ( 'NONE',  ( -1.000000000000000000, -0.000000000000000000, -0.000000000000000000 ) ) ;
#1689 = LINE ( 'NONE', #1794, #2918 ) ;
#1690 = VERTEX_POINT ( 'NONE', #1455 ) ;
#1691 = EDGE_CURVE ( 'NONE', #2458, #2074, #2532, .T. ) ;
#1692 = AXIS2_PLACEMENT_3D ( 'NONE', #3440, #2874, #2092 ) ;
#1693 = CIRCLE ( 'NONE', #3368, 0.3000000000000000444 ) ;
#1694 = DIRECTION ( 'NONE',  ( 0.000000000000000000, 0.000000000000000000, -1.000000000000000000 ) ) ;
#1695 = ADVANCED_FACE ( 'NONE', ( #1476 ), #94, .T. ) ;
#1696 = DIRECTION ( 'NONE',  ( 0.000000000000000000, -0.7985313159705307307, 0.6019532684639001818 ) ) ;
#1697 = VERTEX_POINT ( 'NONE', #667 ) ;
#1698 = LINE ( 'NONE', #2473, #348 ) ;
#1699 = ORIENTED_EDGE ( 'NONE', *, *, #2687, .F. ) ;
#1700 = ORIENTED_EDGE ( 'NONE', *, *, #592, .T. ) ;
#1701 = LINE ( 'NONE', #1170, #3125 ) ;
#1702 = VECTOR ( 'NONE', #64, 1000.000000000000000 ) ;
#1703 = DIRECTION ( 'NONE',  ( -1.000000000000000000, -0.000000000000000000, -0.000000000000000000 ) ) ;
#1704 = LINE ( 'NONE', #706, #1015 ) ;
#1705 = FACE_OUTER_BOUND ( 'NONE', #2914, .T. ) ;
#1706 = ORIENTED_EDGE ( 'NONE', *, *, #1738, .F. ) ;
#1707 = CARTESIAN_POINT ( 'NONE',  ( -1.649999999999999911, 0.2000000000000000111, 0.6400000000000000133 ) ) ;
#1708 = DIRECTION ( 'NONE',  ( -0.000000000000000000, -1.000000000000000000, -0.000000000000000000 ) ) ;
#1709 = AXIS2_PLACEMENT_3D ( 'NONE', #582, #1845, #545 ) ;
#1710 = DIRECTION ( 'NONE',  ( 0.000000000000000000, -1.000000000000000000, 0.000000000000000000 ) ) ;
#1711 = ORIENTED_EDGE ( 'NONE', *, *, #1939, .T. ) ;
#1712 = DIRECTION ( 'NONE',  ( 0.000000000000000000, -0.000000000000000000, 1.000000000000000000 ) ) ;
#1713 = EDGE_LOOP ( 'NONE', ( #2997, #2089, #3307, #873 ) ) ;
#1714 = CARTESIAN_POINT ( 'NONE',  ( -4.394199999999999662, 0.5000000000000000000, -0.9400000000000000577 ) ) ;
#1715 = VERTEX_POINT ( 'NONE', #2270 ) ;
#1716 = CYLINDRICAL_SURFACE ( 'NONE', #1773, 0.2999999999999999889 ) ;
#1717 = LINE ( 'NONE', #1211, #1546 ) ;
#1718 = DIRECTION ( 'NONE',  ( 0.000000000000000000, 0.000000000000000000, -1.000000000000000000 ) ) ;
#1719 = EDGE_CURVE ( 'NONE', #778, #1393, #3335, .T. ) ;
#1720 = PLANE ( 'NONE',  #1469 ) ;
#1721 = ORIENTED_EDGE ( 'NONE', *, *, #1527, .F. ) ;
#1722 = CARTESIAN_POINT ( 'NONE',  ( 1.800000000000000488, 1.620000000000000107, -0.9399999999999999467 ) ) ;
#1723 = CARTESIAN_POINT ( 'NONE',  ( -4.394199999999999662, 2.217070573179000359, 0.4502456044146000425 ) ) ;
#1724 = CARTESIAN_POINT ( 'NONE',  ( -4.394199999999999662, 2.500000000000000000, 0.5500000000000000444 ) ) ;
#1725 = AXIS2_PLACEMENT_3D ( 'NONE', #1064, #1045, #2694 ) ;
#1726 = VERTEX_POINT ( 'NONE', #3351 ) ;
#1727 = LINE ( 'NONE', #1412, #3375 ) ;
#1728 = EDGE_LOOP ( 'NONE', ( #2472, #1016, #1279, #915 ) ) ;
#1729 = CARTESIAN_POINT ( 'NONE',  ( -1.199999999999999734, 0.000000000000000000, -1.139999999999999902 ) ) ;
#1730 = ORIENTED_EDGE ( 'NONE', *, *, #1373, .F. ) ;
#1731 = CARTESIAN_POINT ( 'NONE',  ( -4.394199999999999662, 2.500000000000000000, 0.5500000000000000444 ) ) ;
#1732 = CARTESIAN_POINT ( 'NONE',  ( 4.494200000000000195, 1.560000000000000275, -0.9399999999999999467 ) ) ;
#1733 = EDGE_CURVE ( 'NONE', #2680, #40, #950, .T. ) ;
#1734 = PLANE ( 'NONE',  #3389 ) ;
#1735 = CYLINDRICAL_SURFACE ( 'NONE', #394, 0.2999999999999999889 ) ;
#1736 = CARTESIAN_POINT ( 'NONE',  ( -1.800000000000000044, 0.000000000000000000, 0.6400000000000000133 ) ) ;
#1737 = ORIENTED_EDGE ( 'NONE', *, *, #270, .T. ) ;
#1738 = EDGE_CURVE ( 'NONE', #1715, #2968, #1689, .T. ) ;
#1739 = DIRECTION ( 'NONE',  ( -0.000000000000000000, -0.6019532684636279551, -0.7985313159707360109 ) ) ;
#1740 = EDGE_CURVE ( 'NONE', #319, #2968, #2568, .T. ) ;
#1741 = PLANE ( 'NONE',  #2009 ) ;
#1742 = AXIS2_PLACEMENT_3D ( 'NONE', #174, #3126, #1522 ) ;
#1743 = LINE ( 'NONE', #1199, #1820 ) ;
#1744 = AXIS2_PLACEMENT_3D ( 'NONE', #3169, #338, #3185 ) ;
#1745 = ORIENTED_EDGE ( 'NONE', *, *, #1719, .F. ) ;
#1746 = AXIS2_PLACEMENT_3D ( 'NONE', #875, #201, #1772 ) ;
#1747 = ORIENTED_EDGE ( 'NONE', *, *, #3458, .T. ) ;
#1748 = CARTESIAN_POINT ( 'NONE',  ( -4.394199999999999662, 1.902929426821207581, -0.7397543955854732900 ) ) ;
#1749 = DIRECTION ( 'NONE',  ( 0.000000000000000000, 0.000000000000000000, -1.000000000000000000 ) ) ;
#1750 = ORIENTED_EDGE ( 'NONE', *, *, #1679, .F. ) ;
#1751 = DIRECTION ( 'NONE',  ( 0.000000000000000000, 0.6019532684636278441, 0.7985313159707362329 ) ) ;
#1752 = CYLINDRICAL_SURFACE ( 'NONE', #1640, 0.2999999999999999889 ) ;
#1753 = AXIS2_PLACEMENT_3D ( 'NONE', #3430, #1033, #3191 ) ;
#1754 = CARTESIAN_POINT ( 'NONE',  ( 1.800000000000000488, 2.500000000000000000, -0.5500000000000000444 ) ) ;
#1755 = CARTESIAN_POINT ( 'NONE',  ( -4.094199999999999839, 3.290293736806026104, 1.099999999999937916 ) ) ;
#1756 = DIRECTION ( 'NONE',  ( 0.000000000000000000, 0.000000000000000000, -1.000000000000000000 ) ) ;
#1757 = ORIENTED_EDGE ( 'NONE', *, *, #3284, .F. ) ;
#1758 = DIRECTION ( 'NONE',  ( -0.000000000000000000, -1.000000000000000000, -0.000000000000000000 ) ) ;
#1759 = DIRECTION ( 'NONE',  ( 0.000000000000000000, 0.3325146519513070276, -0.9430980894041198770 ) ) ;
#1760 = DIRECTION ( 'NONE',  ( 0.000000000000000000, -1.000000000000000000, 0.000000000000000000 ) ) ;
#1761 = ORIENTED_EDGE ( 'NONE', *, *, #2689, .F. ) ;
#1762 = AXIS2_PLACEMENT_3D ( 'NONE', #2985, #1398, #3199 ) ;
#1763 = ORIENTED_EDGE ( 'NONE', *, *, #1839, .T. ) ;
#1764 = VERTEX_POINT ( 'NONE', #2619 ) ;
#1765 = AXIS2_PLACEMENT_3D ( 'NONE', #665, #1191, #947 ) ;
#1766 = DIRECTION ( 'NONE',  ( 0.000000000000000000, 0.000000000000000000, -1.000000000000000000 ) ) ;
#1767 = FACE_OUTER_BOUND ( 'NONE', #3472, .T. ) ;
#1768 = ORIENTED_EDGE ( 'NONE', *, *, #785, .T. ) ;
#1769 = DIRECTION ( 'NONE',  ( 0.000000000000000000, -0.000000000000000000, 1.000000000000000000 ) ) ;
#1770 = LINE ( 'NONE', #2859, #2530 ) ;
#1771 = VECTOR ( 'NONE', #1591, 1000.000000000000000 ) ;
#1772 = DIRECTION ( 'NONE',  ( 0.000000000000000000, 0.000000000000000000, -1.000000000000000000 ) ) ;
#1773 = AXIS2_PLACEMENT_3D ( 'NONE', #376, #3069, #1449 ) ;
#1774 = FACE_OUTER_BOUND ( 'NONE', #1728, .T. ) ;
#1775 = CARTESIAN_POINT ( 'NONE',  ( -1.500000000000000000, 0.000000000000000000, 0.8400000000000000799 ) ) ;
#1776 = ORIENTED_EDGE ( 'NONE', *, *, #3250, .T. ) ;
#1777 = EDGE_CURVE ( 'NONE', #627, #2609, #2380, .T. ) ;
#1778 = CARTESIAN_POINT ( 'NONE',  ( -1.800000000000000488, 2.899265657985000022, 0.2490233657681999724 ) ) ;
#1779 = CARTESIAN_POINT ( 'NONE',  ( 4.394199999999999662, 3.109707756267000356, -0.8604406052087999468 ) ) ;
#1780 = ORIENTED_EDGE ( 'NONE', *, *, #804, .T. ) ;
#1781 = VERTEX_POINT ( 'NONE', #1835 ) ;
#1782 = VERTEX_POINT ( 'NONE', #2102 ) ;
#1783 = DIRECTION ( 'NONE',  ( 0.000000000000000000, -1.000000000000000000, 0.000000000000000000 ) ) ;
#1784 = ADVANCED_FACE ( 'NONE', ( #3409 ), #1304, .T. ) ;
#1785 = DIRECTION ( 'NONE',  ( 1.000000000000000000, 0.000000000000000000, 0.000000000000000000 ) ) ;
#1786 = ORIENTED_EDGE ( 'NONE', *, *, #185, .F. ) ;
#1787 = CARTESIAN_POINT ( 'NONE',  ( -1.800000000000000488, 2.500000000000000000, 0.05000000000000002359 ) ) ;
#1788 = EDGE_CURVE ( 'NONE', #1363, #49, #1956, .T. ) ;
#1789 = EDGE_CURVE ( 'NONE', #513, #1502, #2904, .T. ) ;
#1790 = CARTESIAN_POINT ( 'NONE',  ( -4.394199999999999662, 0.5000000000000001110, 1.139999999999999902 ) ) ;
#1791 = CIRCLE ( 'NONE', #1568, 0.2999999999999999334 ) ;
#1792 = CARTESIAN_POINT ( 'NONE',  ( -4.394199999999999662, 2.028450955298000125, -0.3837426740243000123 ) ) ;
#1793 = FACE_BOUND ( 'NONE', #1539, .T. ) ;
#1794 = CARTESIAN_POINT ( 'NONE',  ( -4.394199999999999662, 1.560000000000000275, -1.139999999999999902 ) ) ;
#1795 = VERTEX_POINT ( 'NONE', #1775 ) ;
#1796 = VECTOR ( 'NONE', #2464, 1000.000000000000000 ) ;
#1797 = DIRECTION ( 'NONE',  ( -1.000000000000000000, -0.000000000000000000, -0.000000000000000000 ) ) ;
#1798 = CARTESIAN_POINT ( 'NONE',  ( 1.800000000000000488, 0.5000000000000000000, 0.9400000000000000577 ) ) ;
#1799 = EDGE_CURVE ( 'NONE', #1894, #997, #2847, .T. ) ;
#1800 = CARTESIAN_POINT ( 'NONE',  ( 1.199999999999999956, 0.2000000000000000111, 0.8400000000000000799 ) ) ;
#1801 = EDGE_CURVE ( 'NONE', #1945, #1497, #107, .T. ) ;
#1802 = ORIENTED_EDGE ( 'NONE', *, *, #2514, .T. ) ;
#1803 = EDGE_LOOP ( 'NONE', ( #2389, #3004, #609, #568 ) ) ;
#1804 = ORIENTED_EDGE ( 'NONE', *, *, #2897, .F. ) ;
#1805 = CIRCLE ( 'NONE', #2705, 0.5000000000000000000 ) ;
#1806 = CIRCLE ( 'NONE', #675, 0.1499999999999999667 ) ;
#1807 = DIRECTION ( 'NONE',  ( -0.000000000000000000, -0.3325146519513070276, -0.9430980894041198770 ) ) ;
#1808 = AXIS2_PLACEMENT_3D ( 'NONE', #441, #234, #1511 ) ;
#1809 = DIRECTION ( 'NONE',  ( 1.000000000000000000, 0.000000000000000000, 0.000000000000000000 ) ) ;
#1810 = ORIENTED_EDGE ( 'NONE', *, *, #137, .F. ) ;
#1811 = LINE ( 'NONE', #2320, #600 ) ;
#1812 = ORIENTED_EDGE ( 'NONE', *, *, #2214, .T. ) ;
#1813 = CYLINDRICAL_SURFACE ( 'NONE', #1463, 0.3000000000000000444 ) ;
#1814 = VECTOR ( 'NONE', #3393, 1000.000000000000000 ) ;
#1815 = LINE ( 'NONE', #2040, #1466 ) ;
#1816 = DIRECTION ( 'NONE',  ( 1.000000000000000000, -0.000000000000000000, 0.000000000000000000 ) ) ;
#1817 = LINE ( 'NONE', #2084, #3115 ) ;
#1818 = DIRECTION ( 'NONE',  ( -0.000000000000000000, 1.000000000000000000, -0.000000000000000000 ) ) ;
#1819 = CARTESIAN_POINT ( 'NONE',  ( -4.394199999999999662, 2.028450955298000125, -0.3837426740243000123 ) ) ;
#1820 = VECTOR ( 'NONE', #3046, 1000.000000000000000 ) ;
#1821 = LINE ( 'NONE', #2173, #132 ) ;
#1822 = ORIENTED_EDGE ( 'NONE', *, *, #644, .T. ) ;
#1823 = VERTEX_POINT ( 'NONE', #163 ) ;
#1824 = ORIENTED_EDGE ( 'NONE', *, *, #1389, .T. ) ;
#1825 = LINE ( 'NONE', #2387, #2199 ) ;
#1826 = LINE ( 'NONE', #2058, #3153 ) ;
#1827 = EDGE_CURVE ( 'NONE', #677, #1277, #3171, .T. ) ;
#1828 = VERTEX_POINT ( 'NONE', #2639 ) ;
#1829 = CYLINDRICAL_SURFACE ( 'NONE', #1494, 0.2999999999999999889 ) ;
#1830 = AXIS2_PLACEMENT_3D ( 'NONE', #2660, #498, #1305 ) ;
#1831 = VERTEX_POINT ( 'NONE', #1531 ) ;
#1832 = LINE ( 'NONE', #1896, #1587 ) ;
#1833 = VECTOR ( 'NONE', #51, 1000.000000000000000 ) ;
#1834 = DIRECTION ( 'NONE',  ( 1.000000000000000000, 0.000000000000000000, 0.000000000000000000 ) ) ;
#1835 = CARTESIAN_POINT ( 'NONE',  ( -4.394199999999999662, 1.620000000000000107, -0.9399999999999999467 ) ) ;
#1836 = ADVANCED_FACE ( 'NONE', ( #762 ), #1513, .T. ) ;
#1837 = LINE ( 'NONE', #1032, #1662 ) ;
#1838 = DIRECTION ( 'NONE',  ( 0.000000000000000000, -0.000000000000000000, 1.000000000000000000 ) ) ;
#1839 = EDGE_CURVE ( 'NONE', #1914, #900, #57, .T. ) ;
#1840 = DIRECTION ( 'NONE',  ( 0.000000000000000000, -1.000000000000000000, 0.000000000000000000 ) ) ;
#1841 = ORIENTED_EDGE ( 'NONE', *, *, #1266, .F. ) ;
#1842 = ORIENTED_EDGE ( 'NONE', *, *, #3143, .F. ) ;
#1843 = ORIENTED_EDGE ( 'NONE', *, *, #2100, .T. ) ;
#1844 = CYLINDRICAL_SURFACE ( 'NONE', #2149, 0.3000000000000000444 ) ;
#1845 = DIRECTION ( 'NONE',  ( 0.000000000000000000, 0.7985313159707360109, 0.6019532684636279551 ) ) ;
#1846 = VERTEX_POINT ( 'NONE', #970 ) ;
#1847 = LINE ( 'NONE', #3128, #1666 ) ;
#1848 = ORIENTED_EDGE ( 'NONE', *, *, #1035, .T. ) ;
#1849 = LINE ( 'NONE', #3234, #578 ) ;
#1850 = EDGE_CURVE ( 'NONE', #1270, #5, #478, .T. ) ;
#1851 = ORIENTED_EDGE ( 'NONE', *, *, #804, .F. ) ;
#1852 = CARTESIAN_POINT ( 'NONE',  ( -4.394199999999999662, 2.739559394791135638, -0.3694140194607982708 ) ) ;
#1853 = AXIS2_PLACEMENT_3D ( 'NONE', #2118, #1080, #2744 ) ;
#1854 = ADVANCED_FACE ( 'NONE', ( #2082 ), #1285, .T. ) ;
#1855 = DIRECTION ( 'NONE',  ( 1.000000000000000000, 0.000000000000000000, 0.000000000000000000 ) ) ;
#1856 = VECTOR ( 'NONE', #1140, 1000.000000000000000 ) ;
#1857 = CARTESIAN_POINT ( 'NONE',  ( 1.500000000000000000, 0.2000000000000000111, -0.6400000000000500844 ) ) ;
#1858 = CARTESIAN_POINT ( 'NONE',  ( 1.800000000000001821, 2.028450955297735891, 0.3837426740242407264 ) ) ;
#1859 = DIRECTION ( 'NONE',  ( 0.000000000000000000, -1.000000000000000000, 0.000000000000000000 ) ) ;
#1860 = ORIENTED_EDGE ( 'NONE', *, *, #172, .T. ) ;
#1861 = EDGE_LOOP ( 'NONE', ( #2158, #2644, #3163, #1680 ) ) ;
#1862 = CARTESIAN_POINT ( 'NONE',  ( -1.500000000000000000, 0.000000000000000000, -0.6400000000000000133 ) ) ;
#1863 = ORIENTED_EDGE ( 'NONE', *, *, #1679, .T. ) ;
#1864 = PLANE ( 'NONE',  #701 ) ;
#1865 = ORIENTED_EDGE ( 'NONE', *, *, #1071, .F. ) ;
#1866 = DIRECTION ( 'NONE',  ( 0.000000000000000000, 0.000000000000000000, -1.000000000000000000 ) ) ;
#1867 = AXIS2_PLACEMENT_3D ( 'NONE', #2280, #3067, #1766 ) ;
#1868 = VERTEX_POINT ( 'NONE', #2358 ) ;
#1869 = AXIS2_PLACEMENT_3D ( 'NONE', #2453, #832, #864 ) ;
#1870 = DIRECTION ( 'NONE',  ( 1.000000000000000000, 0.000000000000000000, 0.000000000000000000 ) ) ;
#1871 = CARTESIAN_POINT ( 'NONE',  ( -4.394199999999999662, 3.450000000000041034, -0.9796093463073543006 ) ) ;
#1872 = DIRECTION ( 'NONE',  ( 0.000000000000000000, 0.000000000000000000, -1.000000000000000000 ) ) ;
#1873 = VECTOR ( 'NONE', #2969, 1000.000000000000000 ) ;
#1874 = ORIENTED_EDGE ( 'NONE', *, *, #3396, .F. ) ;
#1875 = ORIENTED_EDGE ( 'NONE', *, *, #2971, .F. ) ;
#1876 = CYLINDRICAL_SURFACE ( 'NONE', #623, 0.5000000000000000000 ) ;
#1877 = VECTOR ( 'NONE', #1382, 1000.000000000000000 ) ;
#1878 = DIRECTION ( 'NONE',  ( -1.000000000000000000, -0.000000000000000000, -0.000000000000000000 ) ) ;
#1879 = ORIENTED_EDGE ( 'NONE', *, *, #1266, .T. ) ;
#1880 = DIRECTION ( 'NONE',  ( -0.000000000000000000, 1.000000000000000000, -0.000000000000000000 ) ) ;
#1881 = ORIENTED_EDGE ( 'NONE', *, *, #2931, .F. ) ;
#1882 = CARTESIAN_POINT ( 'NONE',  ( -4.394199999999999662, 2.028450955298000125, -0.3837426740243000123 ) ) ;
#1883 = ORIENTED_EDGE ( 'NONE', *, *, #1139, .F. ) ;
#1884 = AXIS2_PLACEMENT_3D ( 'NONE', #918, #149, #2832 ) ;
#1885 = CARTESIAN_POINT ( 'NONE',  ( 4.394199999999999662, 0.2000000000000000111, 0.000000000000000000 ) ) ;
#1886 = CARTESIAN_POINT ( 'NONE',  ( -4.394199999999999662, 2.091549044701999982, -0.8062573259756999899 ) ) ;
#1887 = CARTESIAN_POINT ( 'NONE',  ( -4.394199999999999662, 2.500000000000000000, 0.2500000000000000555 ) ) ;
#1888 = ORIENTED_EDGE ( 'NONE', *, *, #137, .T. ) ;
#1889 = ORIENTED_EDGE ( 'NONE', *, *, #1356, .T. ) ;
#1890 = DIRECTION ( 'NONE',  ( -1.000000000000000000, -0.000000000000000000, -0.000000000000000000 ) ) ;
#1891 = CYLINDRICAL_SURFACE ( 'NONE', #2579, 0.5000000000000001110 ) ;
#1892 = ORIENTED_EDGE ( 'NONE', *, *, #1429, .T. ) ;
#1893 = CARTESIAN_POINT ( 'NONE',  ( -4.394199999999999662, 3.450000000000000178, 0.9796093463073001217 ) ) ;
#1894 = VERTEX_POINT ( 'NONE', #3426 ) ;
#1895 = EDGE_CURVE ( 'NONE', #1519, #208, #1245, .T. ) ;
#1896 = CARTESIAN_POINT ( 'NONE',  ( -4.394199999999999662, 2.217070573178746784, -0.4502456044145106140 ) ) ;
#1897 = ADVANCED_FACE ( 'NONE', ( #2327 ), #421, .T. ) ;
#1898 = ADVANCED_FACE ( 'NONE', ( #1229 ), #990, .T. ) ;
#1899 = EDGE_CURVE ( 'NONE', #1945, #279, #2922, .T. ) ;
#1900 = EDGE_CURVE ( 'NONE', #511, #2263, #2690, .T. ) ;
#1901 = EDGE_LOOP ( 'NONE', ( #1780, #1579, #2926, #827 ) ) ;
#1902 = VECTOR ( 'NONE', #3061, 1000.000000000000114 ) ;
#1903 = CARTESIAN_POINT ( 'NONE',  ( 1.800000000000000488, 2.500000000000000000, 0.5500000000000000444 ) ) ;
#1904 = CARTESIAN_POINT ( 'NONE',  ( 2.100000000000000089, 3.450000000000000178, 0.9796093463073003438 ) ) ;
#1905 = LINE ( 'NONE', #11, #1031 ) ;
#1906 = ORIENTED_EDGE ( 'NONE', *, *, #3002, .F. ) ;
#1907 = EDGE_CURVE ( 'NONE', #3361, #3195, #39, .T. ) ;
#1908 = AXIS2_PLACEMENT_3D ( 'NONE', #1076, #1295, #808 ) ;
#1909 = ORIENTED_EDGE ( 'NONE', *, *, #844, .F. ) ;
#1910 = EDGE_CURVE ( 'NONE', #999, #2965, #1343, .T. ) ;
#1911 = DIRECTION ( 'NONE',  ( 0.000000000000000000, 0.7985313159707360109, 0.6019532684636279551 ) ) ;
#1912 = VECTOR ( 'NONE', #2041, 1000.000000000000000 ) ;
#1913 = CARTESIAN_POINT ( 'NONE',  ( -1.800000000000000044, 0.000000000000000000, -0.6400000000000000133 ) ) ;
#1914 = VERTEX_POINT ( 'NONE', #527 ) ;
#1915 = PLANE ( 'NONE',  #1762 ) ;
#1916 = VERTEX_POINT ( 'NONE', #1059 ) ;
#1917 = ORIENTED_EDGE ( 'NONE', *, *, #2039, .T. ) ;
#1918 = CIRCLE ( 'NONE', #1867, 0.5000000000000000000 ) ;
#1919 = VECTOR ( 'NONE', #2599, 1000.000000000000000 ) ;
#1920 = AXIS2_PLACEMENT_3D ( 'NONE', #968, #3110, #3467 ) ;
#1921 = DIRECTION ( 'NONE',  ( 1.000000000000000000, 0.000000000000000000, 0.000000000000000000 ) ) ;
#1922 = CARTESIAN_POINT ( 'NONE',  ( 2.370000000000000107, 0.2000000000000000111, -0.4000000000000000222 ) ) ;
#1923 = DIRECTION ( 'NONE',  ( -1.000000000000000000, 0.000000000000000000, -0.000000000000000000 ) ) ;
#1924 = AXIS2_PLACEMENT_3D ( 'NONE', #310, #559, #800 ) ;
#1925 = ORIENTED_EDGE ( 'NONE', *, *, #1895, .F. ) ;
#1926 = DIRECTION ( 'NONE',  ( 1.000000000000000000, 0.000000000000000000, 0.000000000000000000 ) ) ;
#1927 = ORIENTED_EDGE ( 'NONE', *, *, #1638, .F. ) ;
#1928 = DIRECTION ( 'NONE',  ( 1.000000000000000000, 0.000000000000000000, 0.000000000000000000 ) ) ;
#1929 = VERTEX_POINT ( 'NONE', #18 ) ;
#1930 = ADVANCED_FACE ( 'NONE', ( #1617 ), #1891, .T. ) ;
#1931 = ORIENTED_EDGE ( 'NONE', *, *, #384, .T. ) ;
#1932 = AXIS2_PLACEMENT_3D ( 'NONE', #1524, #3146, #720 ) ;
#1933 = DIRECTION ( 'NONE',  ( -1.000000000000000000, -0.000000000000000000, -0.000000000000000000 ) ) ;
#1934 = CARTESIAN_POINT ( 'NONE',  ( -4.394199999999999662, 2.500000000000000000, 0.5500000000000000444 ) ) ;
#1935 = AXIS2_PLACEMENT_3D ( 'NONE', #3236, #3005, #76 ) ;
#1936 = CARTESIAN_POINT ( 'NONE',  ( -4.394199999999999662, 0.5000000000000000000, 0.9400000000000000577 ) ) ;
#1937 = ORIENTED_EDGE ( 'NONE', *, *, #63, .T. ) ;
#1938 = EDGE_CURVE ( 'NONE', #281, #809, #565, .T. ) ;
#1939 = EDGE_CURVE ( 'NONE', #3289, #1572, #1104, .T. ) ;
#1940 = DIRECTION ( 'NONE',  ( 0.000000000000000000, -1.000000000000000000, 0.000000000000000000 ) ) ;
#1941 = AXIS2_PLACEMENT_3D ( 'NONE', #616, #1125, #2493 ) ;
#1942 = VECTOR ( 'NONE', #2634, 1000.000000000000000 ) ;
#1943 = ORIENTED_EDGE ( 'NONE', *, *, #3319, .F. ) ;
#1944 = CARTESIAN_POINT ( 'NONE',  ( -1.500000000000000000, 0.2000000000000000111, -1.139999999999999902 ) ) ;
#1945 = VERTEX_POINT ( 'NONE', #2933 ) ;
#1946 = VERTEX_POINT ( 'NONE', #3243 ) ;
#1947 = DIRECTION ( 'NONE',  ( 0.000000000000000000, -0.7985313159707360109, -0.6019532684636279551 ) ) ;
#1948 = EDGE_CURVE ( 'NONE', #2965, #431, #838, .T. ) ;
#1949 = EDGE_CURVE ( 'NONE', #2633, #1868, #2182, .T. ) ;
#1950 = DIRECTION ( 'NONE',  ( -0.000000000000000000, -1.000000000000000000, 0.000000000000000000 ) ) ;
#1951 = CARTESIAN_POINT ( 'NONE',  ( -4.394199999999999662, 2.217070573179000359, 0.4502456044146000425 ) ) ;
#1952 = LINE ( 'NONE', #2755, #786 ) ;
#1953 = ORIENTED_EDGE ( 'NONE', *, *, #1122, .F. ) ;
#1954 = CYLINDRICAL_SURFACE ( 'NONE', #3353, 0.5000000000000000000 ) ;
#1955 = CARTESIAN_POINT ( 'NONE',  ( 4.094199999999999839, 3.269414019461051257, -0.7400499515162641817 ) ) ;
#1956 = CIRCLE ( 'NONE', #2855, 0.4999999999999998890 ) ;
#1957 = ORIENTED_EDGE ( 'NONE', *, *, #288, .T. ) ;
#1958 = CARTESIAN_POINT ( 'NONE',  ( -4.394199999999999662, 1.620000000000000107, -0.9399999999999999467 ) ) ;
#1959 = ORIENTED_EDGE ( 'NONE', *, *, #1509, .F. ) ;
#1960 = PRODUCT_DEFINITION_SHAPE ( 'NONE', 'NONE',  #1173 ) ;
#1961 = VERTEX_POINT ( 'NONE', #1366 ) ;
#1962 = CARTESIAN_POINT ( 'NONE',  ( -1.800000000000000488, 1.620000000000000107, -0.6400000000000000133 ) ) ;
#1963 = CARTESIAN_POINT ( 'NONE',  ( -2.100000000000000089, 3.290293736805999902, -1.100000000000000089 ) ) ;
#1964 = CARTESIAN_POINT ( 'NONE',  ( -1.800000000000000266, 0.000000000000000000, 0.6400000000000000133 ) ) ;
#1965 = DIRECTION ( 'NONE',  ( 0.000000000000000000, 0.000000000000000000, -1.000000000000000000 ) ) ;
#1966 = ORIENTED_EDGE ( 'NONE', *, *, #1000, .T. ) ;
#1967 = AXIS2_PLACEMENT_3D ( 'NONE', #1541, #1597, #1001 ) ;
#1968 = CARTESIAN_POINT ( 'NONE',  ( -4.394199999999999662, 2.899265657985241607, -0.2490233657680181178 ) ) ;
#1969 = AXIS2_PLACEMENT_3D ( 'NONE', #974, #167, #3118 ) ;
#1970 = DIRECTION ( 'NONE',  ( 1.000000000000000000, 0.000000000000000000, 0.000000000000000000 ) ) ;
#1971 = FACE_OUTER_BOUND ( 'NONE', #769, .T. ) ;
#1972 = EDGE_CURVE ( 'NONE', #3283, #1483, #2704, .T. ) ;
#1973 = ORIENTED_EDGE ( 'NONE', *, *, #113, .T. ) ;
#1974 = CARTESIAN_POINT ( 'NONE',  ( 4.394199999999999662, 1.560000000000000053, -1.139999999999999902 ) ) ;
#1975 = VERTEX_POINT ( 'NONE', #2443 ) ;
#1976 = FACE_OUTER_BOUND ( 'NONE', #222, .T. ) ;
#1977 = ORIENTED_EDGE ( 'NONE', *, *, #2780, .T. ) ;
#1978 = CARTESIAN_POINT ( 'NONE',  ( -1.800000000000000488, 2.899265657985304223, -0.2490233657681027724 ) ) ;
#1979 = CIRCLE ( 'NONE', #2487, 0.2999999999999999889 ) ;
#1980 = DIRECTION ( 'NONE',  ( 0.000000000000000000, -1.000000000000000000, 0.000000000000000000 ) ) ;
#1981 = LINE ( 'NONE', #2805, #294 ) ;
#1982 = DIRECTION ( 'NONE',  ( 0.000000000000000000, -0.6019532684636279551, 0.7985313159707360109 ) ) ;
#1983 = ORIENTED_EDGE ( 'NONE', *, *, #1532, .F. ) ;
#1984 = VECTOR ( 'NONE', #3410, 1000.000000000000000 ) ;
#1985 = CARTESIAN_POINT ( 'NONE',  ( -4.394199999999999662, 2.091549044702156746, 0.8062573259757214172 ) ) ;
#1986 = FACE_OUTER_BOUND ( 'NONE', #2746, .T. ) ;
#1987 = VECTOR ( 'NONE', #2289, 1000.000000000000000 ) ;
#1988 = CARTESIAN_POINT ( 'NONE',  ( -4.394199999999999662, 1.620000000000000107, -1.139999999999999902 ) ) ;
#1989 = ORIENTED_EDGE ( 'NONE', *, *, #905, .T. ) ;
#1990 = DIRECTION ( 'NONE',  ( -0.000000000000000000, 0.9430980894041198770, 0.3325146519513070276 ) ) ;
#1991 = EDGE_CURVE ( 'NONE', #2150, #2775, #3142, .T. ) ;
#1992 = ORIENTED_EDGE ( 'NONE', *, *, #439, .F. ) ;
#1993 = LINE ( 'NONE', #1748, #15 ) ;
#1994 = ORIENTED_EDGE ( 'NONE', *, *, #2174, .T. ) ;
#1995 = CARTESIAN_POINT ( 'NONE',  ( 3.350000000000000089, 0.2000000000000000111, 0.000000000000000000 ) ) ;
#1996 = EDGE_CURVE ( 'NONE', #3168, #319, #2982, .T. ) ;
#1997 = CARTESIAN_POINT ( 'NONE',  ( 1.800000000000000266, 0.1999999999999999833, 0.6400000000000000133 ) ) ;
#1998 = EDGE_CURVE ( 'NONE', #5, #84, #569, .T. ) ;
#1999 = ADVANCED_FACE ( 'NONE', ( #2952 ), #2650, .T. ) ;
#2000 = DIRECTION ( 'NONE',  ( 1.000000000000000000, 0.000000000000000000, 0.000000000000000000 ) ) ;
#2001 = CARTESIAN_POINT ( 'NONE',  ( 1.649999999999999911, 0.000000000000000000, 0.4900000000000001021 ) ) ;
#2002 = DIRECTION ( 'NONE',  ( 1.000000000000000000, 0.000000000000000000, 0.000000000000000000 ) ) ;
#2003 = ORIENTED_EDGE ( 'NONE', *, *, #1998, .F. ) ;
#2004 = DIRECTION ( 'NONE',  ( 0.000000000000000000, 0.000000000000000000, -1.000000000000000000 ) ) ;
#2005 = DIRECTION ( 'NONE',  ( 0.000000000000000000, 0.7985313159707360109, 0.6019532684636279551 ) ) ;
#2006 = CARTESIAN_POINT ( 'NONE',  ( 4.494200000000000195, 0.5600000000000000533, -1.139999999999999902 ) ) ;
#2007 = MANIFOLD_SOLID_BREP ( 'Solide1', #1573 ) ;
#2008 = EDGE_CURVE ( 'NONE', #869, #21, #927, .T. ) ;
#2009 = AXIS2_PLACEMENT_3D ( 'NONE', #3287, #689, #1759 ) ;
#2010 = ORIENTED_EDGE ( 'NONE', *, *, #3249, .F. ) ;
#2011 = ORIENTED_EDGE ( 'NONE', *, *, #2516, .F. ) ;
#2012 = DIRECTION ( 'NONE',  ( 1.445602896647339311E-15, -0.6019532684636278441, -0.7985313159707362329 ) ) ;
#2013 = VECTOR ( 'NONE', #824, 1000.000000000000000 ) ;
#2014 = CARTESIAN_POINT ( 'NONE',  ( 1.500000000000000000, 0.2000000000000000111, 0.6400000000000000133 ) ) ;
#2015 = VERTEX_POINT ( 'NONE', #110 ) ;
#2016 = FACE_OUTER_BOUND ( 'NONE', #2095, .T. ) ;
#2017 = DIRECTION ( 'NONE',  ( 0.000000000000000000, -0.7985313159707360109, 0.6019532684636279551 ) ) ;
#2018 = AXIS2_PLACEMENT_3D ( 'NONE', #1109, #1623, #2431 ) ;
#2019 = DIRECTION ( 'NONE',  ( 0.000000000000000000, 0.7985313159707360109, -0.6019532684636279551 ) ) ;
#2020 = DIRECTION ( 'NONE',  ( -1.000000000000000000, -0.000000000000000000, -0.000000000000000000 ) ) ;
#2021 = CARTESIAN_POINT ( 'NONE',  ( 1.800000000000000044, 0.000000000000000000, -0.6400000000000000133 ) ) ;
#2022 = ORIENTED_EDGE ( 'NONE', *, *, #2100, .F. ) ;
#2023 = EDGE_CURVE ( 'NONE', #1252, #3289, #165, .T. ) ;
#2024 = DIRECTION ( 'NONE',  ( 0.000000000000000000, -0.6019532684636278441, -0.7985313159707362329 ) ) ;
#2025 = CARTESIAN_POINT ( 'NONE',  ( 1.500000000000000000, 0.000000000000000000, -0.8400000000000000799 ) ) ;
#2026 = AXIS2_PLACEMENT_3D ( 'NONE', #2350, #806, #3196 ) ;
#2027 = CARTESIAN_POINT ( 'NONE',  ( -4.394199999999999662, 2.500000000000000000, 0.5500000000000000444 ) ) ;
#2028 = VECTOR ( 'NONE', #1011, 1000.000000000000000 ) ;
#2029 = AXIS2_PLACEMENT_3D ( 'NONE', #1582, #2133, #2917 ) ;
#2030 = ORIENTED_EDGE ( 'NONE', *, *, #2008, .F. ) ;
#2031 = VECTOR ( 'NONE', #2034, 1000.000000000000000 ) ;
#2032 = ORIENTED_EDGE ( 'NONE', *, *, #3033, .F. ) ;
#2033 = DIRECTION ( 'NONE',  ( 0.000000000000000000, 1.000000000000000000, 0.000000000000000000 ) ) ;
#2034 = DIRECTION ( 'NONE',  ( 0.000000000000000000, 0.3325146519513070276, -0.9430980894041198770 ) ) ;
#2035 = ORIENTED_EDGE ( 'NONE', *, *, #87, .T. ) ;
#2036 = DIRECTION ( 'NONE',  ( 1.000000000000000000, 0.000000000000000000, 0.000000000000000000 ) ) ;
#2037 = DIRECTION ( 'NONE',  ( 0.000000000000000000, -1.000000000000000000, 0.000000000000000000 ) ) ;
#2038 = AXIS2_PLACEMENT_3D ( 'NONE', #3015, #923, #134 ) ;
#2039 = EDGE_CURVE ( 'NONE', #2480, #1194, #1261, .T. ) ;
#2040 = CARTESIAN_POINT ( 'NONE',  ( -4.394199999999999662, 2.500000000000000000, 0.05000000000000002359 ) ) ;
#2041 = DIRECTION ( 'NONE',  ( 0.000000000000000000, 1.000000000000000000, -0.000000000000000000 ) ) ;
#2042 = VECTOR ( 'NONE', #98, 1000.000000000000000 ) ;
#2043 = DIRECTION ( 'NONE',  ( -0.000000000000000000, 0.000000000000000000, -1.000000000000000000 ) ) ;
#2044 = ORIENTED_EDGE ( 'NONE', *, *, #2209, .T. ) ;
#2045 = VECTOR ( 'NONE', #428, 1000.000000000000000 ) ;
#2046 = LINE ( 'NONE', #2126, #2099 ) ;
#2047 = DIRECTION ( 'NONE',  ( 0.000000000000000000, -0.000000000000000000, -1.000000000000000000 ) ) ;
#2048 = EDGE_CURVE ( 'NONE', #677, #1961, #954, .T. ) ;
#2049 = EDGE_LOOP ( 'NONE', ( #3462, #1352, #803, #598 ) ) ;
#2050 = VECTOR ( 'NONE', #1043, 1000.000000000000000 ) ;
#2051 = EDGE_CURVE ( 'NONE', #1764, #1252, #3301, .T. ) ;
#2052 = EDGE_CURVE ( 'NONE', #2999, #677, #2276, .T. ) ;
#2053 = ORIENTED_EDGE ( 'NONE', *, *, #1827, .F. ) ;
#2054 = ORIENTED_EDGE ( 'NONE', *, *, #2429, .F. ) ;
#2055 = VECTOR ( 'NONE', #1569, 1000.000000000000000 ) ;
#2056 = VECTOR ( 'NONE', #817, 1000.000000000000114 ) ;
#2057 = PLANE ( 'NONE',  #2929 ) ;
#2058 = CARTESIAN_POINT ( 'NONE',  ( -3.350000000000000089, 0.2000000000000000111, -0.4000000000000000222 ) ) ;
#2059 = ORIENTED_EDGE ( 'NONE', *, *, #3341, .T. ) ;
#2060 = CARTESIAN_POINT ( 'NONE',  ( 4.394199999999999662, 0.000000000000000000, 0.000000000000000000 ) ) ;
#2061 = LINE ( 'NONE', #2079, #2201 ) ;
#2062 = AXIS2_PLACEMENT_3D ( 'NONE', #2104, #1287, #3173 ) ;
#2063 = EDGE_CURVE ( 'NONE', #1572, #1537, #539, .T. ) ;
#2064 = PLANE ( 'NONE',  #2370 ) ;
#2065 = CARTESIAN_POINT ( 'NONE',  ( -4.394199999999999662, 0.5000000000000000000, 0.9399999999999999467 ) ) ;
#2066 = EDGE_CURVE ( 'NONE', #245, #2107, #2172, .T. ) ;
#2067 = CARTESIAN_POINT ( 'NONE',  ( -4.394199999999999662, 1.560000000000000275, -0.9399999999999999467 ) ) ;
#2068 = ORIENTED_EDGE ( 'NONE', *, *, #2322, .T. ) ;
#2069 = LINE ( 'NONE', #238, #2492 ) ;
#2070 = LINE ( 'NONE', #2867, #859 ) ;
#2071 = DIRECTION ( 'NONE',  ( 0.000000000000000000, 0.000000000000000000, 1.000000000000000000 ) ) ;
#2072 = ORIENTED_EDGE ( 'NONE', *, *, #3032, .F. ) ;
#2073 = ORIENTED_EDGE ( 'NONE', *, *, #1383, .F. ) ;
#2074 = VERTEX_POINT ( 'NONE', #1985 ) ;
#2075 = DIRECTION ( 'NONE',  ( -1.000000000000000000, -0.000000000000000000, 0.000000000000000000 ) ) ;
#2076 = CARTESIAN_POINT ( 'NONE',  ( 1.800000000000003819, 1.902929426820999970, 0.7397543955854000153 ) ) ;
#2077 = ORIENTED_EDGE ( 'NONE', *, *, #377, .T. ) ;
#2078 = CARTESIAN_POINT ( 'NONE',  ( -1.649999999999999911, 0.000000000000000000, 0.6400000000000000133 ) ) ;
#2079 = CARTESIAN_POINT ( 'NONE',  ( -4.394199999999999662, 3.450000000000041034, -0.9796093463073543006 ) ) ;
#2080 = AXIS2_PLACEMENT_3D ( 'NONE', #2403, #2113, #2421 ) ;
#2081 = DIRECTION ( 'NONE',  ( 0.000000000000000000, -0.3325146519513070276, -0.9430980894041198770 ) ) ;
#2082 = FACE_OUTER_BOUND ( 'NONE', #3068, .T. ) ;
#2083 = CIRCLE ( 'NONE', #571, 0.2999999999999999334 ) ;
#2084 = CARTESIAN_POINT ( 'NONE',  ( 4.094199999999999839, 3.450000000000000178, 0.9796093463073001217 ) ) ;
#2085 = CARTESIAN_POINT ( 'NONE',  ( -1.800000000000000488, 2.739559394791229785, 0.3694140194608157568 ) ) ;
#2086 = CARTESIAN_POINT ( 'NONE',  ( 4.494200000000000195, 0.5600000000000000533, -0.9399999999999999467 ) ) ;
#2087 = EDGE_CURVE ( 'NONE', #1726, #2319, #2895, .T. ) ;
#2088 = VERTEX_POINT ( 'NONE', #2515 ) ;
#2089 = ORIENTED_EDGE ( 'NONE', *, *, #2758, .F. ) ;
#2090 = VERTEX_POINT ( 'NONE', #3320 ) ;
#2091 = VECTOR ( 'NONE', #413, 1000.000000000000000 ) ;
#2092 = DIRECTION ( 'NONE',  ( 0.000000000000000000, 0.000000000000000000, -1.000000000000000000 ) ) ;
#2093 = AXIS2_PLACEMENT_3D ( 'NONE', #199, #3088, #3406 ) ;
#2094 = DIRECTION ( 'NONE',  ( 0.000000000000000000, -0.6019532684636279551, -0.7985313159707360109 ) ) ;
#2095 = EDGE_LOOP ( 'NONE', ( #3101, #1387, #2979, #12 ) ) ;
#2096 = DIRECTION ( 'NONE',  ( 0.000000000000000000, 0.000000000000000000, -1.000000000000000000 ) ) ;
#2097 = ORIENTED_EDGE ( 'NONE', *, *, #2664, .F. ) ;
#2098 = DIRECTION ( 'NONE',  ( 0.000000000000000000, 0.000000000000000000, -1.000000000000000000 ) ) ;
#2099 = VECTOR ( 'NONE', #783, 1000.000000000000000 ) ;
#2100 = EDGE_CURVE ( 'NONE', #2156, #1456, #3056, .T. ) ;
#2101 = DIRECTION ( 'NONE',  ( -1.000000000000000000, -0.000000000000000000, -0.000000000000000000 ) ) ;
#2102 = CARTESIAN_POINT ( 'NONE',  ( 1.800000000000002931, 2.028450955297989466, -0.3837426740243300993 ) ) ;
#2103 = CARTESIAN_POINT ( 'NONE',  ( 4.394199999999999662, 0.5000000000000000000, 0.6400000000000000133 ) ) ;
#2104 = CARTESIAN_POINT ( 'NONE',  ( 1.649999999999999911, 0.000000000000000000, -0.6400000000000000133 ) ) ;
#2105 = DIRECTION ( 'NONE',  ( -0.000000000000000000, -1.000000000000000000, 0.000000000000000000 ) ) ;
#2106 = CIRCLE ( 'NONE', #753, 0.2999999999999999334 ) ;
#2107 = VERTEX_POINT ( 'NONE', #3060 ) ;
#2108 = ORIENTED_EDGE ( 'NONE', *, *, #3399, .F. ) ;
#2109 = ORIENTED_EDGE ( 'NONE', *, *, #3089, .T. ) ;
#2110 = EDGE_CURVE ( 'NONE', #1501, #1946, #710, .T. ) ;
#2111 = LINE ( 'NONE', #2911, #2310 ) ;
#2112 = EDGE_CURVE ( 'NONE', #2107, #1183, #1197, .T. ) ;
#2113 = DIRECTION ( 'NONE',  ( 1.000000000000000000, 0.000000000000000000, 0.000000000000000000 ) ) ;
#2114 = ORIENTED_EDGE ( 'NONE', *, *, #2687, .T. ) ;
#2115 = LINE ( 'NONE', #2339, #2490 ) ;
#2116 = CIRCLE ( 'NONE', #3116, 0.2999999999999999334 ) ;
#2117 = EDGE_LOOP ( 'NONE', ( #2235, #787, #505, #263 ) ) ;
#2118 = CARTESIAN_POINT ( 'NONE',  ( -4.394199999999999662, 1.620000000000000107, 0.6400000000000000133 ) ) ;
#2119 = CIRCLE ( 'NONE', #595, 0.1499999999999999667 ) ;
#2120 = ORIENTED_EDGE ( 'NONE', *, *, #2758, .T. ) ;
#2121 = DIRECTION ( 'NONE',  ( 0.000000000000000000, 0.000000000000000000, -1.000000000000000000 ) ) ;
#2122 = DIRECTION ( 'NONE',  ( 0.000000000000000000, 0.000000000000000000, -1.000000000000000000 ) ) ;
#2123 = EDGE_CURVE ( 'NONE', #3114, #224, #3337, .T. ) ;
#2124 = CARTESIAN_POINT ( 'NONE',  ( 2.370000000000000107, 0.2000000000000000111, 0.4000000000000000222 ) ) ;
#2125 = LINE ( 'NONE', #1871, #1613 ) ;
#2126 = CARTESIAN_POINT ( 'NONE',  ( -4.494200000000000195, 0.5000000000000000000, -1.139999999999999902 ) ) ;
#2127 = ORIENTED_EDGE ( 'NONE', *, *, #1895, .T. ) ;
#2128 = ORIENTED_EDGE ( 'NONE', *, *, #3030, .T. ) ;
#2129 = CARTESIAN_POINT ( 'NONE',  ( -4.394199999999999662, 2.739559394791000191, -0.3694140194609000782 ) ) ;
#2130 = ORIENTED_EDGE ( 'NONE', *, *, #2572, .F. ) ;
#2131 = LINE ( 'NONE', #303, #2667 ) ;
#2132 = ORIENTED_EDGE ( 'NONE', *, *, #438, .F. ) ;
#2133 = DIRECTION ( 'NONE',  ( -1.000000000000000000, -0.000000000000000000, -0.000000000000000000 ) ) ;
#2134 = VERTEX_POINT ( 'NONE', #2308 ) ;
#2135 = CARTESIAN_POINT ( 'NONE',  ( -4.394199999999999662, 0.5000000000000001110, 1.139999999999999902 ) ) ;
#2136 = VECTOR ( 'NONE', #617, 1000.000000000000000 ) ;
#2137 = LINE ( 'NONE', #3207, #1984 ) ;
#2138 = CARTESIAN_POINT ( 'NONE',  ( -4.394199999999999662, 0.5000000000000000000, -0.6400000000000000133 ) ) ;
#2139 = CARTESIAN_POINT ( 'NONE',  ( -3.350000000000000089, 0.000000000000000000, -0.4000000000000000222 ) ) ;
#2140 = ORIENTED_EDGE ( 'NONE', *, *, #2946, .F. ) ;
#2141 = EDGE_CURVE ( 'NONE', #1088, #197, #934, .T. ) ;
#2142 = ORIENTED_EDGE ( 'NONE', *, *, #2812, .T. ) ;
#2143 = CARTESIAN_POINT ( 'NONE',  ( -3.350000000000000089, 0.000000000000000000, -0.4000000000000000777 ) ) ;
#2144 = CARTESIAN_POINT ( 'NONE',  ( -1.199999999999999956, 0.000000000000000000, -1.139999999999999902 ) ) ;
#2145 = ORIENTED_EDGE ( 'NONE', *, *, #423, .F. ) ;
#2146 = DIRECTION ( 'NONE',  ( -1.000000000000000000, -0.000000000000000000, -0.000000000000000000 ) ) ;
#2147 = VERTEX_POINT ( 'NONE', #315 ) ;
#2148 = DIRECTION ( 'NONE',  ( 1.000000000000000000, -0.000000000000000000, 0.000000000000000000 ) ) ;
#2149 = AXIS2_PLACEMENT_3D ( 'NONE', #1039, #2611, #3164 ) ;
#2150 = VERTEX_POINT ( 'NONE', #1722 ) ;
#2151 = AXIS2_PLACEMENT_3D ( 'NONE', #1800, #3193, #2071 ) ;
#2152 = EDGE_CURVE ( 'NONE', #1868, #1073, #1384, .T. ) ;
#2153 = CYLINDRICAL_SURFACE ( 'NONE', #1935, 0.2999999999999999889 ) ;
#2154 = DIRECTION ( 'NONE',  ( 0.000000000000000000, 0.000000000000000000, -1.000000000000000000 ) ) ;
#2155 = DIRECTION ( 'NONE',  ( 1.000000000000000000, 0.000000000000000000, 0.000000000000000000 ) ) ;
#2156 = VERTEX_POINT ( 'NONE', #2456 ) ;
#2157 = EDGE_CURVE ( 'NONE', #414, #2088, #407, .T. ) ;
#2158 = ORIENTED_EDGE ( 'NONE', *, *, #72, .T. ) ;
#2159 = EDGE_CURVE ( 'NONE', #909, #695, #1161, .T. ) ;
#2160 = EDGE_CURVE ( 'NONE', #3195, #1726, #2620, .T. ) ;
#2161 = EDGE_CURVE ( 'NONE', #2334, #3358, #2610, .T. ) ;
#2162 = FACE_OUTER_BOUND ( 'NONE', #2197, .T. ) ;
#2163 = EDGE_CURVE ( 'NONE', #3082, #999, #1248, .T. ) ;
#2164 = ORIENTED_EDGE ( 'NONE', *, *, #899, .F. ) ;
#2165 = AXIS2_PLACEMENT_3D ( 'NONE', #325, #2981, #50 ) ;
#2166 = FILL_AREA_STYLE ('',( #507 ) ) ;
#2167 = EDGE_LOOP ( 'NONE', ( #714, #331, #1200, #1983 ) ) ;
#2168 = LINE ( 'NONE', #3232, #416 ) ;
#2169 = ORIENTED_EDGE ( 'NONE', *, *, #3284, .T. ) ;
#2170 = CARTESIAN_POINT ( 'NONE',  ( -4.394199999999999662, 2.500000000000000000, -0.5500000000000000444 ) ) ;
#2171 = FACE_OUTER_BOUND ( 'NONE', #373, .T. ) ;
#2172 = CIRCLE ( 'NONE', #2727, 0.1499999999999999667 ) ;
#2173 = CARTESIAN_POINT ( 'NONE',  ( 1.199999999999999956, 0.000000000000000000, -1.139999999999999902 ) ) ;
#2174 = EDGE_CURVE ( 'NONE', #999, #2486, #2069, .T. ) ;
#2175 = ADVANCED_FACE ( 'NONE', ( #2849 ), #1264, .F. ) ;
#2176 = DIRECTION ( 'NONE',  ( -1.000000000000000000, 0.000000000000000000, 0.000000000000000000 ) ) ;
#2177 = CARTESIAN_POINT ( 'NONE',  ( 4.394199999999999662, 1.620000000000000107, -1.139999999999999902 ) ) ;
#2178 = CARTESIAN_POINT ( 'NONE',  ( 4.394199999999999662, 0.5600000000000000533, -0.9399999999999999467 ) ) ;
#2179 = ORIENTED_EDGE ( 'NONE', *, *, #2814, .T. ) ;
#2180 = ORIENTED_EDGE ( 'NONE', *, *, #1938, .F. ) ;
#2181 = DIRECTION ( 'NONE',  ( 0.000000000000000000, 0.000000000000000000, -1.000000000000000000 ) ) ;
#2182 = LINE ( 'NONE', #3459, #946 ) ;
#2183 = VERTEX_POINT ( 'NONE', #2330 ) ;
#2184 = DIRECTION ( 'NONE',  ( 0.000000000000000000, -0.7985313159705307307, 0.6019532684639001818 ) ) ;
#2185 = EDGE_LOOP ( 'NONE', ( #2198, #1973, #1776, #1540, #1768, #1091 ) ) ;
#2186 = CARTESIAN_POINT ( 'NONE',  ( -4.394199999999999662, 2.899265657985000022, 0.2490233657681999724 ) ) ;
#2187 = VECTOR ( 'NONE', #1425, 1000.000000000000000 ) ;
#2188 = CARTESIAN_POINT ( 'NONE',  ( 1.800000000000000488, 1.902929426821118097, 0.7397543955853961295 ) ) ;
#2189 = CARTESIAN_POINT ( 'NONE',  ( 4.394199999999999662, 3.450000000000000178, -0.9796093463073001217 ) ) ;
#2190 = DIRECTION ( 'NONE',  ( -0.000000000000000000, -0.000000000000000000, -1.000000000000000000 ) ) ;
#2191 = ORIENTED_EDGE ( 'NONE', *, *, #2511, .F. ) ;
#2192 = EDGE_CURVE ( 'NONE', #2609, #1690, #3449, .T. ) ;
#2193 = VECTOR ( 'NONE', #3346, 1000.000000000000000 ) ;
#2194 = CYLINDRICAL_SURFACE ( 'NONE', #634, 0.2999999999999999889 ) ;
#2195 = ORIENTED_EDGE ( 'NONE', *, *, #816, .T. ) ;
#2196 = CARTESIAN_POINT ( 'NONE',  ( 1.800000000000000266, 0.2000000000000000111, -1.139999999999999902 ) ) ;
#2197 = EDGE_LOOP ( 'NONE', ( #3387, #1860, #1370, #1841 ) ) ;
#2198 = ORIENTED_EDGE ( 'NONE', *, *, #754, .T. ) ;
#2199 = VECTOR ( 'NONE', #1807, 1000.000000000000000 ) ;
#2200 = EDGE_CURVE ( 'NONE', #1194, #2894, #1837, .T. ) ;
#2201 = VECTOR ( 'NONE', #3070, 1000.000000000000000 ) ;
#2202 = AXIS2_PLACEMENT_3D ( 'NONE', #3349, #349, #3090 ) ;
#2203 = CARTESIAN_POINT ( 'NONE',  ( -4.494200000000000195, 0.000000000000000000, 0.000000000000000000 ) ) ;
#2204 = CARTESIAN_POINT ( 'NONE',  ( 1.500000000000000444, 0.000000000000000000, 0.6400000000000000133 ) ) ;
#2205 = CARTESIAN_POINT ( 'NONE',  ( -4.394199999999999662, 2.739559394791229785, 0.3694140194608157568 ) ) ;
#2206 = VERTEX_POINT ( 'NONE', #1857 ) ;
#2207 = AXIS2_PLACEMENT_3D ( 'NONE', #2521, #2747, #100 ) ;
#2208 = DIRECTION ( 'NONE',  ( 1.000000000000000000, 0.000000000000000000, -0.000000000000000000 ) ) ;
#2209 = EDGE_CURVE ( 'NONE', #546, #3283, #2119, .T. ) ;
#2210 = ORIENTED_EDGE ( 'NONE', *, *, #2988, .F. ) ;
#2211 = PLANE ( 'NONE',  #2038 ) ;
#2212 = VERTEX_POINT ( 'NONE', #1534 ) ;
#2213 = VECTOR ( 'NONE', #389, 1000.000000000000000 ) ;
#2214 = EDGE_CURVE ( 'NONE', #1074, #396, #1286, .T. ) ;
#2215 = ORIENTED_EDGE ( 'NONE', *, *, #2052, .T. ) ;
#2216 = AXIS2_PLACEMENT_3D ( 'NONE', #4, #1062, #3217 ) ;
#2217 = CARTESIAN_POINT ( 'NONE',  ( 4.394200000000003214, 2.091549044701999982, -0.8062573259756999899 ) ) ;
#2218 = VECTOR ( 'NONE', #1590, 1000.000000000000000 ) ;
#2219 = LINE ( 'NONE', #3280, #3255 ) ;
#2220 = CARTESIAN_POINT ( 'NONE',  ( -4.394199999999999662, 2.091549044702038618, 0.8062573259757136457 ) ) ;
#2221 = ORIENTED_EDGE ( 'NONE', *, *, #1910, .T. ) ;
#2222 = CARTESIAN_POINT ( 'NONE',  ( -4.394199999999999662, 0.000000000000000000, -0.6400000000000000133 ) ) ;
#2223 = FACE_OUTER_BOUND ( 'NONE', #244, .T. ) ;
#2224 = CIRCLE ( 'NONE', #2062, 0.1499999999999999667 ) ;
#2225 = CIRCLE ( 'NONE', #3009, 0.3000000000000000444 ) ;
#2226 = ORIENTED_EDGE ( 'NONE', *, *, #278, .F. ) ;
#2227 = CARTESIAN_POINT ( 'NONE',  ( -4.394199999999999662, 0.000000000000000000, 0.6400000000000000133 ) ) ;
#2228 = ORIENTED_EDGE ( 'NONE', *, *, #33, .F. ) ;
#2229 = ORIENTED_EDGE ( 'NONE', *, *, #278, .T. ) ;
#2230 = DIRECTION ( 'NONE',  ( -1.000000000000000000, -0.000000000000000000, -0.000000000000000000 ) ) ;
#2231 = CARTESIAN_POINT ( 'NONE',  ( -4.394199999999999662, 1.620000000000000107, -0.6400000000000000133 ) ) ;
#2232 = LINE ( 'NONE', #2976, #1346 ) ;
#2233 = DIRECTION ( 'NONE',  ( 0.000000000000000000, 0.000000000000000000, -1.000000000000000000 ) ) ;
#2234 = EDGE_CURVE ( 'NONE', #171, #612, #2866, .T. ) ;
#2235 = ORIENTED_EDGE ( 'NONE', *, *, #1509, .T. ) ;
#2236 = DIRECTION ( 'NONE',  ( -1.000000000000000000, -0.000000000000000000, -0.000000000000000000 ) ) ;
#2237 = DIRECTION ( 'NONE',  ( 0.000000000000000000, -0.3325146519513070276, -0.9430980894041198770 ) ) ;
#2238 = EDGE_CURVE ( 'NONE', #1194, #2836, #1817, .T. ) ;
#2239 = DIRECTION ( 'NONE',  ( 0.000000000000000000, 0.000000000000000000, -1.000000000000000000 ) ) ;
#2240 = AXIS2_PLACEMENT_3D ( 'NONE', #1007, #3093, #2603 ) ;
#2241 = ORIENTED_EDGE ( 'NONE', *, *, #2087, .T. ) ;
#2242 = LINE ( 'NONE', #3273, #687 ) ;
#2243 = VERTEX_POINT ( 'NONE', #3468 ) ;
#2244 = DIRECTION ( 'NONE',  ( 0.000000000000000000, -0.7985313159707360109, -0.6019532684636279551 ) ) ;
#2245 = ORIENTED_EDGE ( 'NONE', *, *, #858, .F. ) ;
#2246 = LINE ( 'NONE', #1153, #874 ) ;
#2247 = DIRECTION ( 'NONE',  ( 1.000000000000000000, -0.000000000000000000, 0.000000000000000000 ) ) ;
#2248 = AXIS2_PLACEMENT_3D ( 'NONE', #948, #3365, #1718 ) ;
#2249 = DIRECTION ( 'NONE',  ( -0.000000000000000000, -0.7985313159707360109, -0.6019532684636279551 ) ) ;
#2250 = AXIS2_PLACEMENT_3D ( 'NONE', #3144, #454, #1559 ) ;
#2251 = CARTESIAN_POINT ( 'NONE',  ( 4.394199999999999662, 2.091549044702030180, -0.8062573259756767863 ) ) ;
#2252 = ORIENTED_EDGE ( 'NONE', *, *, #3066, .F. ) ;
#2253 = EDGE_CURVE ( 'NONE', #1477, #695, #445, .T. ) ;
#2254 = VECTOR ( 'NONE', #2657, 1000.000000000000000 ) ;
#2255 = DIRECTION ( 'NONE',  ( 0.000000000000000000, -1.000000000000000000, 0.000000000000000000 ) ) ;
#2256 = VECTOR ( 'NONE', #2436, 1000.000000000000000 ) ;
#2257 = CARTESIAN_POINT ( 'NONE',  ( -4.394199999999999662, 0.5000000000000000000, -1.139999999999999902 ) ) ;
#2258 = DIRECTION ( 'NONE',  ( 0.000000000000000000, 0.000000000000000000, -1.000000000000000000 ) ) ;
#2259 = ADVANCED_FACE ( 'NONE', ( #2343 ), #3154, .T. ) ;
#2260 = ORIENTED_EDGE ( 'NONE', *, *, #2881, .F. ) ;
#2261 = LINE ( 'NONE', #1944, #75 ) ;
#2262 = EDGE_CURVE ( 'NONE', #1073, #1013, #2137, .T. ) ;
#2263 = VERTEX_POINT ( 'NONE', #798 ) ;
#2264 = EDGE_CURVE ( 'NONE', #344, #1123, #763, .T. ) ;
#2265 = FACE_OUTER_BOUND ( 'NONE', #3166, .T. ) ;
#2266 = ORIENTED_EDGE ( 'NONE', *, *, #2461, .F. ) ;
#2267 = FACE_OUTER_BOUND ( 'NONE', #1036, .T. ) ;
#2268 = DIRECTION ( 'NONE',  ( 0.000000000000000000, 0.000000000000000000, -1.000000000000000000 ) ) ;
#2269 = CARTESIAN_POINT ( 'NONE',  ( -4.394199999999999662, 1.620000000000000107, -0.6400000000000000133 ) ) ;
#2270 = CARTESIAN_POINT ( 'NONE',  ( -4.494200000000000195, 1.560000000000000275, -1.139999999999999902 ) ) ;
#2271 = ORIENTED_EDGE ( 'NONE', *, *, #1400, .F. ) ;
#2272 = EDGE_CURVE ( 'NONE', #341, #2407, #2273, .T. ) ;
#2273 = CIRCLE ( 'NONE', #142, 0.2999999999999998779 ) ;
#2274 = DIRECTION ( 'NONE',  ( 0.000000000000000000, -1.000000000000000000, 0.000000000000000000 ) ) ;
#2275 = LINE ( 'NONE', #354, #1565 ) ;
#2276 = CIRCLE ( 'NONE', #3388, 0.5000000000000000000 ) ;
#2277 = DIRECTION ( 'NONE',  ( 0.000000000000000000, 0.000000000000000000, -1.000000000000000000 ) ) ;
#2278 = ORIENTED_EDGE ( 'NONE', *, *, #2451, .T. ) ;
#2279 = EDGE_LOOP ( 'NONE', ( #1943, #2701, #2693, #383 ) ) ;
#2280 = CARTESIAN_POINT ( 'NONE',  ( 1.800000000000000488, 0.5000000000000000000, 0.6400000000000000133 ) ) ;
#2281 = LINE ( 'NONE', #2076, #2031 ) ;
#2282 = ORIENTED_EDGE ( 'NONE', *, *, #3446, .T. ) ;
#2283 = CARTESIAN_POINT ( 'NONE',  ( 1.800000000000000488, 0.5000000000000000000, -0.9400000000000000577 ) ) ;
#2284 = FACE_OUTER_BOUND ( 'NONE', #3052, .T. ) ;
#2285 = LINE ( 'NONE', #2771, #89 ) ;
#2286 = DIRECTION ( 'NONE',  ( 0.000000000000000000, 0.6019532684636280662, -0.7985313159707361219 ) ) ;
#2287 = DIRECTION ( 'NONE',  ( -0.000000000000000000, 1.000000000000000000, -0.000000000000000000 ) ) ;
#2288 = VERTEX_POINT ( 'NONE', #2124 ) ;
#2289 = DIRECTION ( 'NONE',  ( -0.000000000000000000, 0.7985313159707360109, -0.6019532684636279551 ) ) ;
#2290 = DIRECTION ( 'NONE',  ( 0.000000000000000000, 0.000000000000000000, -1.000000000000000000 ) ) ;
#2291 = DIRECTION ( 'NONE',  ( 1.000000000000000000, 0.000000000000000000, 0.000000000000000000 ) ) ;
#2292 = APPLICATION_CONTEXT ( 'automotive_design' ) ;
#2293 = ORIENTED_EDGE ( 'NONE', *, *, #2881, .T. ) ;
#2294 = ORIENTED_EDGE ( 'NONE', *, *, #3341, .F. ) ;
#2295 = ADVANCED_FACE ( 'NONE', ( #2360 ), #2397, .F. ) ;
#2296 = DIRECTION ( 'NONE',  ( 0.000000000000000000, -1.000000000000000000, 0.000000000000000000 ) ) ;
#2297 = VECTOR ( 'NONE', #1333, 1000.000000000000000 ) ;
#2298 = CYLINDRICAL_SURFACE ( 'NONE', #2250, 0.2999999999999999334 ) ;
#2299 = ORIENTED_EDGE ( 'NONE', *, *, #3002, .T. ) ;
#2300 = DIRECTION ( 'NONE',  ( -1.000000000000000000, -0.000000000000000000, -0.000000000000000000 ) ) ;
#2301 = CYLINDRICAL_SURFACE ( 'NONE', #1302, 0.4000000000000000222 ) ;
#2302 = CYLINDRICAL_SURFACE ( 'NONE', #1746, 0.4000000000000000222 ) ;
#2303 = CYLINDRICAL_SURFACE ( 'NONE', #2248, 0.4000000000000000222 ) ;
#2304 = EDGE_CURVE ( 'NONE', #606, #909, #3331, .T. ) ;
#2305 = DIRECTION ( 'NONE',  ( -1.000000000000000000, -0.000000000000000000, -0.000000000000000000 ) ) ;
#2306 = EDGE_CURVE ( 'NONE', #3367, #414, #1626, .T. ) ;
#2307 = ORIENTED_EDGE ( 'NONE', *, *, #3408, .T. ) ;
#2308 = CARTESIAN_POINT ( 'NONE',  ( 1.800000000000000488, 2.500000000000000000, 0.05000000000000002359 ) ) ;
#2309 = DIRECTION ( 'NONE',  ( -0.000000000000000000, 0.000000000000000000, 1.000000000000000000 ) ) ;
#2310 = VECTOR ( 'NONE', #194, 1000.000000000000000 ) ;
#2311 = CARTESIAN_POINT ( 'NONE',  ( -4.394199999999999662, 1.902929426821207581, -0.7397543955854732900 ) ) ;
#2312 = ORIENTED_EDGE ( 'NONE', *, *, #2429, .T. ) ;
#2313 = CIRCLE ( 'NONE', #1869, 0.2999999999999999889 ) ;
#2314 = EDGE_LOOP ( 'NONE', ( #1655, #1503, #2795, #318, #3278, #699 ) ) ;
#2315 = ORIENTED_EDGE ( 'NONE', *, *, #805, .T. ) ;
#2316 = CARTESIAN_POINT ( 'NONE',  ( 4.394199999999999662, 1.620000000000000107, 0.6400000000000000133 ) ) ;
#2317 = EDGE_CURVE ( 'NONE', #1189, #1929, #867, .T. ) ;
#2318 = CARTESIAN_POINT ( 'NONE',  ( -4.394199999999999662, 3.290293736805999902, 1.100000000000000089 ) ) ;
#2319 = VERTEX_POINT ( 'NONE', #2450 ) ;
#2320 = CARTESIAN_POINT ( 'NONE',  ( -4.394199999999999662, 1.620000000000000107, 1.139999999999999902 ) ) ;
#2321 = DIRECTION ( 'NONE',  ( 0.000000000000000000, 0.000000000000000000, -1.000000000000000000 ) ) ;
#2322 = EDGE_CURVE ( 'NONE', #2183, #1894, #2434, .T. ) ;
#2323 = VECTOR ( 'NONE', #3029, 1000.000000000000000 ) ;
#2324 = PLANE ( 'NONE',  #681 ) ;
#2325 = FACE_OUTER_BOUND ( 'NONE', #2877, .T. ) ;
#2326 = VECTOR ( 'NONE', #1481, 1000.000000000000000 ) ;
#2327 = FACE_OUTER_BOUND ( 'NONE', #1444, .T. ) ;
#2328 = ORIENTED_EDGE ( 'NONE', *, *, #3394, .T. ) ;
#2329 = VECTOR ( 'NONE', #3242, 1000.000000000000000 ) ;
#2330 = CARTESIAN_POINT ( 'NONE',  ( 4.394199999999999662, 1.620000000000000107, -0.9399999999999999467 ) ) ;
#2331 = CARTESIAN_POINT ( 'NONE',  ( -4.394199999999999662, 3.269414019460718634, 0.7400499515160722241 ) ) ;
#2332 = LINE ( 'NONE', #1267, #1814 ) ;
#2333 = ORIENTED_EDGE ( 'NONE', *, *, #2253, .F. ) ;
#2334 = VERTEX_POINT ( 'NONE', #2188 ) ;
#2335 = EDGE_LOOP ( 'NONE', ( #2674, #668, #3182, #822 ) ) ;
#2336 = CARTESIAN_POINT ( 'NONE',  ( -4.394199999999999662, 3.290293736805760982, -1.100000000000180389 ) ) ;
#2337 = CARTESIAN_POINT ( 'NONE',  ( 4.394199999999999662, 0.1999999999999999833, -0.6400000000000000133 ) ) ;
#2338 = ORIENTED_EDGE ( 'NONE', *, *, #1719, .T. ) ;
#2339 = CARTESIAN_POINT ( 'NONE',  ( -4.394199999999999662, 0.000000000000000000, -0.6400000000000000133 ) ) ;
#2340 = DIRECTION ( 'NONE',  ( -1.000000000000000000, -0.000000000000000000, -0.000000000000000000 ) ) ;
#2341 = CARTESIAN_POINT ( 'NONE',  ( -4.394199999999999662, 1.620000000000000107, -0.6400000000000000133 ) ) ;
#2342 = DIRECTION ( 'NONE',  ( 0.000000000000000000, -8.673617379884037444E-16, -1.000000000000000000 ) ) ;
#2343 = FACE_OUTER_BOUND ( 'NONE', #1003, .T. ) ;
#2344 = DIRECTION ( 'NONE',  ( 0.000000000000000000, -0.6019532684636280662, -0.7985313159707361219 ) ) ;
#2345 = CARTESIAN_POINT ( 'NONE',  ( -2.370000000000000107, 0.000000000000000000, 0.4000000000000000222 ) ) ;
#2346 = SURFACE_SIDE_STYLE ('',( #748 ) ) ;
#2347 = ORIENTED_EDGE ( 'NONE', *, *, #1938, .T. ) ;
#2348 = ORIENTED_EDGE ( 'NONE', *, *, #217, .F. ) ;
#2349 = ORIENTED_EDGE ( 'NONE', *, *, #1381, .T. ) ;
#2350 = CARTESIAN_POINT ( 'NONE',  ( 4.394199999999999662, 0.5000000000000000000, -0.6400000000000000133 ) ) ;
#2351 = VECTOR ( 'NONE', #935, 1000.000000000000000 ) ;
#2352 = CARTESIAN_POINT ( 'NONE',  ( -4.394199999999999662, 1.620000000000000107, -0.6400000000000000133 ) ) ;
#2353 = ORIENTED_EDGE ( 'NONE', *, *, #1451, .T. ) ;
#2354 = DIRECTION ( 'NONE',  ( 0.000000000000000000, -1.000000000000000000, -0.000000000000000000 ) ) ;
#2355 = ORIENTED_EDGE ( 'NONE', *, *, #2123, .T. ) ;
#2356 = DIRECTION ( 'NONE',  ( 1.000000000000000000, 0.000000000000000000, 0.000000000000000000 ) ) ;
#2357 = CARTESIAN_POINT ( 'NONE',  ( 1.499999999999999778, -0.01492002703493000050, 0.8400000000000000799 ) ) ;
#2358 = CARTESIAN_POINT ( 'NONE',  ( 4.394199999999999662, 2.739559394791110325, -0.3694140194609058514 ) ) ;
#2359 = CIRCLE ( 'NONE', #3424, 0.2999999999999998779 ) ;
#2360 = FACE_OUTER_BOUND ( 'NONE', #2891, .T. ) ;
#2361 = DIRECTION ( 'NONE',  ( 0.000000000000000000, 1.445602896647339114E-15, -1.000000000000000000 ) ) ;
#2362 = CARTESIAN_POINT ( 'NONE',  ( 2.100000000000000089, 3.450000000000064126, -0.9796093463073367591 ) ) ;
#2363 = ADVANCED_FACE ( 'NONE', ( #1658 ), #2477, .T. ) ;
#2364 = ORIENTED_EDGE ( 'NONE', *, *, #2412, .T. ) ;
#2365 = ORIENTED_EDGE ( 'NONE', *, *, #2560, .F. ) ;
#2366 = ORIENTED_EDGE ( 'NONE', *, *, #3241, .T. ) ;
#2367 = AXIS2_PLACEMENT_3D ( 'NONE', #3129, #3423, #215 ) ;
#2368 = VECTOR ( 'NONE', #2033, 1000.000000000000000 ) ;
#2369 = DIRECTION ( 'NONE',  ( -0.000000000000000000, -1.000000000000000000, 0.000000000000000000 ) ) ;
#2370 = AXIS2_PLACEMENT_3D ( 'NONE', #1792, #1282, #2081 ) ;
#2371 = EDGE_CURVE ( 'NONE', #1629, #3361, #2116, .T. ) ;
#2372 = DIRECTION ( 'NONE',  ( 0.000000000000000000, 0.000000000000000000, -1.000000000000000000 ) ) ;
#2373 = VERTEX_POINT ( 'NONE', #1111 ) ;
#2374 = CARTESIAN_POINT ( 'NONE',  ( -4.394199999999999662, 1.560000000000000275, -0.9399999999999999467 ) ) ;
#2375 = ORIENTED_EDGE ( 'NONE', *, *, #646, .F. ) ;
#2376 = ADVANCED_FACE ( 'NONE', ( #333 ), #1358, .T. ) ;
#2377 = CARTESIAN_POINT ( 'NONE',  ( -4.394199999999999662, 0.2000000000000000111, 0.000000000000000000 ) ) ;
#2378 = LINE ( 'NONE', #458, #1303 ) ;
#2379 = AXIS2_PLACEMENT_3D ( 'NONE', #239, #2642, #2344 ) ;
#2380 = LINE ( 'NONE', #235, #1226 ) ;
#2381 = DIRECTION ( 'NONE',  ( 0.000000000000000000, 7.228014483236696555E-16, -1.000000000000000000 ) ) ;
#2382 = CARTESIAN_POINT ( 'NONE',  ( 4.394199999999999662, 2.217070573178732573, -0.4502456044145511926 ) ) ;
#2383 = LINE ( 'NONE', #2589, #2535 ) ;
#2384 = ORIENTED_EDGE ( 'NONE', *, *, #3456, .F. ) ;
#2385 = ORIENTED_EDGE ( 'NONE', *, *, #2622, .F. ) ;
#2386 = VECTOR ( 'NONE', #2354, 1000.000000000000000 ) ;
#2387 = CARTESIAN_POINT ( 'NONE',  ( -1.799999999999999600, 2.091549044701999982, -0.8062573259756999899 ) ) ;
#2388 = CARTESIAN_POINT ( 'NONE',  ( -4.394199999999999662, 0.5000000000000000000, 0.9400000000000000577 ) ) ;
#2389 = ORIENTED_EDGE ( 'NONE', *, *, #1972, .F. ) ;
#2390 = DIRECTION ( 'NONE',  ( 1.000000000000000000, 0.000000000000000000, 0.000000000000000000 ) ) ;
#2391 = ORIENTED_EDGE ( 'NONE', *, *, #2052, .F. ) ;
#2392 = CARTESIAN_POINT ( 'NONE',  ( 1.800000000000000266, 0.000000000000000000, 0.000000000000000000 ) ) ;
#2393 = EDGE_LOOP ( 'NONE', ( #979, #2441, #2349, #2808, #2405, #1959, #2851, #2068, #3345, #1730, #2077, #885 ) ) ;
#2394 = CARTESIAN_POINT ( 'NONE',  ( -4.394199999999999662, 1.620000000000000107, 1.139999999999999902 ) ) ;
#2395 = VECTOR ( 'NONE', #1838, 1000.000000000000000 ) ;
#2396 = AXIS2_PLACEMENT_3D ( 'NONE', #1416, #1947, #2563 ) ;
#2397 = CYLINDRICAL_SURFACE ( 'NONE', #3054, 0.2999999999999999889 ) ;
#2398 = PLANE ( 'NONE',  #1753 ) ;
#2399 = CARTESIAN_POINT ( 'NONE',  ( 4.394200000000003214, 2.028450955298000125, -0.3837426740243000123 ) ) ;
#2400 = ORIENTED_EDGE ( 'NONE', *, *, #903, .T. ) ;
#2401 = VERTEX_POINT ( 'NONE', #3252 ) ;
#2402 = CARTESIAN_POINT ( 'NONE',  ( -1.800000000000000488, 1.620000000000000107, 1.139999999999999902 ) ) ;
#2403 = CARTESIAN_POINT ( 'NONE',  ( 1.800000000000000488, 1.620000000000000107, -0.6400000000000000133 ) ) ;
#2404 = EDGE_CURVE ( 'NONE', #612, #1663, #308, .T. ) ;
#2405 = ORIENTED_EDGE ( 'NONE', *, *, #2304, .F. ) ;
#2406 = DIRECTION ( 'NONE',  ( -0.000000000000000000, 0.000000000000000000, 1.000000000000000000 ) ) ;
#2407 = VERTEX_POINT ( 'NONE', #557 ) ;
#2408 = CARTESIAN_POINT ( 'NONE',  ( 2.370000000000000107, 0.2000000000000000111, 0.000000000000000000 ) ) ;
#2409 = ORIENTED_EDGE ( 'NONE', *, *, #1589, .F. ) ;
#2410 = VECTOR ( 'NONE', #3215, 1000.000000000000000 ) ;
#2411 = EDGE_CURVE ( 'NONE', #1401, #2633, #2831, .T. ) ;
#2412 = EDGE_CURVE ( 'NONE', #2848, #344, #1097, .T. ) ;
#2413 = DIRECTION ( 'NONE',  ( 0.000000000000000000, 0.3325146519513070276, -0.9430980894041198770 ) ) ;
#2414 = CARTESIAN_POINT ( 'NONE',  ( -2.100000000000000089, 3.109707756266945733, -0.8604406052087275603 ) ) ;
#2415 = EDGE_CURVE ( 'NONE', #2999, #1178, #2682, .T. ) ;
#2416 = ADVANCED_FACE ( 'NONE', ( #2714 ), #2153, .F. ) ;
#2417 = DIRECTION ( 'NONE',  ( -1.000000000000000000, -0.000000000000000000, -0.000000000000000000 ) ) ;
#2418 = ORIENTED_EDGE ( 'NONE', *, *, #1788, .T. ) ;
#2419 = EDGE_LOOP ( 'NONE', ( #3076, #2054, #659, #3216, #2059, #120, #2628, #3175, #1547, #657, #336, #2873, #3352, #2132, #2022, #1786, #392, #1240, #169, #3086, #251, #2226 ) ) ;
#2420 = LINE ( 'NONE', #823, #902 ) ;
#2421 = DIRECTION ( 'NONE',  ( 0.000000000000000000, 0.000000000000000000, -1.000000000000000000 ) ) ;
#2422 = AXIS2_PLACEMENT_3D ( 'NONE', #1192, #649, #105 ) ;
#2423 = ORIENTED_EDGE ( 'NONE', *, *, #1451, .F. ) ;
#2424 = FACE_OUTER_BOUND ( 'NONE', #1555, .T. ) ;
#2425 = VECTOR ( 'NONE', #3359, 1000.000000000000000 ) ;
#2426 = ORIENTED_EDGE ( 'NONE', *, *, #761, .F. ) ;
#2427 = EDGE_CURVE ( 'NONE', #596, #2762, #46, .T. ) ;
#2428 = CARTESIAN_POINT ( 'NONE',  ( 1.800000000000000488, 1.620000000000000107, 1.139999999999999902 ) ) ;
#2429 = EDGE_CURVE ( 'NONE', #789, #109, #1485, .T. ) ;
#2430 = VECTOR ( 'NONE', #2369, 1000.000000000000000 ) ;
#2431 = DIRECTION ( 'NONE',  ( 0.000000000000000000, 0.3325146519513070276, 0.9430980894041198770 ) ) ;
#2432 = CIRCLE ( 'NONE', #2592, 0.2999999999999999889 ) ;
#2433 =( LENGTH_UNIT ( ) NAMED_UNIT ( * ) SI_UNIT ( .MILLI., .METRE. ) );
#2434 = LINE ( 'NONE', #2729, #1607 ) ;
#2435 = CARTESIAN_POINT ( 'NONE',  ( 4.094199999999999839, 3.450000000000041034, -0.9796093463073545227 ) ) ;
#2436 = DIRECTION ( 'NONE',  ( 0.000000000000000000, -1.000000000000000000, -0.000000000000000000 ) ) ;
#2437 = ORIENTED_EDGE ( 'NONE', *, *, #1948, .F. ) ;
#2438 = VERTEX_POINT ( 'NONE', #603 ) ;
#2439 = PRODUCT_DEFINITION_FORMATION_WITH_SPECIFIED_SOURCE ( 'ANY', '', #888, .NOT_KNOWN. ) ;
#2440 = FACE_OUTER_BOUND ( 'NONE', #2837, .T. ) ;
#2441 = ORIENTED_EDGE ( 'NONE', *, *, #1949, .F. ) ;
#2442 = VECTOR ( 'NONE', #2518, 1000.000000000000000 ) ;
#2443 = CARTESIAN_POINT ( 'NONE',  ( -4.394199999999999662, 2.028450955297989466, -0.3837426740243300993 ) ) ;
#2444 = ORIENTED_EDGE ( 'NONE', *, *, #1209, .T. ) ;
#2445 = CARTESIAN_POINT ( 'NONE',  ( -4.394199999999999662, 0.5000000000000000000, 0.9399999999999999467 ) ) ;
#2446 = ORIENTED_EDGE ( 'NONE', *, *, #2264, .T. ) ;
#2447 = VECTOR ( 'NONE', #1950, 1000.000000000000000 ) ;
#2448 = ORIENTED_EDGE ( 'NONE', *, *, #1899, .T. ) ;
#2449 = UNCERTAINTY_MEASURE_WITH_UNIT (LENGTH_MEASURE( 1.000000000000000082E-05 ), #3197, 'distance_accuracy_value', 'NONE');
#2450 = CARTESIAN_POINT ( 'NONE',  ( -1.500000000000000000, 0.2000000000000000111, 0.8400000000000000799 ) ) ;
#2451 = EDGE_CURVE ( 'NONE', #627, #2134, #2551, .T. ) ;
#2452 = FACE_OUTER_BOUND ( 'NONE', #2167, .T. ) ;
#2453 = CARTESIAN_POINT ( 'NONE',  ( -1.800000000000000488, 0.5000000000000000000, 0.6400000000000000133 ) ) ;
#2454 = ORIENTED_EDGE ( 'NONE', *, *, #1566, .T. ) ;
#2455 = LINE ( 'NONE', #1146, #2329 ) ;
#2456 = CARTESIAN_POINT ( 'NONE',  ( -4.394199999999999662, 0.5000000000000001110, 1.139999999999999902 ) ) ;
#2457 = EDGE_CURVE ( 'NONE', #2107, #2319, #320, .T. ) ;
#2458 = VERTEX_POINT ( 'NONE', #2942 ) ;
#2459 = LINE ( 'NONE', #1893, #1873 ) ;
#2460 = ORIENTED_EDGE ( 'NONE', *, *, #1576, .T. ) ;
#2461 = EDGE_CURVE ( 'NONE', #1074, #341, #1609, .T. ) ;
#2462 = VERTEX_POINT ( 'NONE', #1124 ) ;
#2463 = CARTESIAN_POINT ( 'NONE',  ( -1.800000000000000266, 3.109707756267000356, -0.8604406052087999468 ) ) ;
#2464 = DIRECTION ( 'NONE',  ( -0.000000000000000000, 0.6019532684636279551, -0.7985313159707360109 ) ) ;
#2465 = LINE ( 'NONE', #1887, #625 ) ;
#2466 = VECTOR ( 'NONE', #2043, 1000.000000000000000 ) ;
#2467 = VERTEX_POINT ( 'NONE', #1493 ) ;
#2468 = ADVANCED_FACE ( 'NONE', ( #3071 ), #1687, .T. ) ;
#2469 = EDGE_CURVE ( 'NONE', #570, #1483, #704, .T. ) ;
#2470 = AXIS2_PLACEMENT_3D ( 'NONE', #1731, #2543, #1490 ) ;
#2471 = LINE ( 'NONE', #1677, #1702 ) ;
#2472 = ORIENTED_EDGE ( 'NONE', *, *, #503, .F. ) ;
#2473 = CARTESIAN_POINT ( 'NONE',  ( -4.494200000000000195, 0.000000000000000000, -0.9399999999999999467 ) ) ;
#2474 = ORIENTED_EDGE ( 'NONE', *, *, #1159, .F. ) ;
#2475 = ORIENTED_EDGE ( 'NONE', *, *, #2971, .T. ) ;
#2476 = VECTOR ( 'NONE', #1571, 1000.000000000000000 ) ;
#2477 = PLANE ( 'NONE',  #418 ) ;
#2478 = CARTESIAN_POINT ( 'NONE',  ( -4.394199999999999662, 2.500000000000000000, 0.05000000000000002359 ) ) ;
#2479 = DIRECTION ( 'NONE',  ( 0.000000000000000000, 0.000000000000000000, -1.000000000000000000 ) ) ;
#2480 = VERTEX_POINT ( 'NONE', #1453 ) ;
#2481 = CARTESIAN_POINT ( 'NONE',  ( 4.394199999999999662, 0.5000000000000000000, 0.9400000000000000577 ) ) ;
#2482 = VECTOR ( 'NONE', #3260, 1000.000000000000000 ) ;
#2483 = DIRECTION ( 'NONE',  ( -1.000000000000000000, -0.000000000000000000, -0.000000000000000000 ) ) ;
#2484 = EDGE_LOOP ( 'NONE', ( #1925, #133, #3081, #1761 ) ) ;
#2485 = CARTESIAN_POINT ( 'NONE',  ( -4.394199999999999662, 0.5600000000000000533, -1.139999999999999902 ) ) ;
#2486 = VERTEX_POINT ( 'NONE', #2566 ) ;
#2487 = AXIS2_PLACEMENT_3D ( 'NONE', #1090, #594, #2966 ) ;
#2488 = EDGE_LOOP ( 'NONE', ( #356, #2934, #14, #3218 ) ) ;
#2489 = DIRECTION ( 'NONE',  ( 0.000000000000000000, 0.7985313159707360109, -0.6019532684636279551 ) ) ;
#2490 = VECTOR ( 'NONE', #3183, 1000.000000000000000 ) ;
#2491 = CARTESIAN_POINT ( 'NONE',  ( 1.500000000000000000, 0.2000000000000000111, 0.8400000000000000799 ) ) ;
#2492 = VECTOR ( 'NONE', #2588, 1000.000000000000000 ) ;
#2493 = DIRECTION ( 'NONE',  ( 0.000000000000000000, 0.000000000000000000, -1.000000000000000000 ) ) ;
#2494 = EDGE_CURVE ( 'NONE', #1118, #3367, #2285, .T. ) ;
#2495 = AXIS2_PLACEMENT_3D ( 'NONE', #930, #92, #124 ) ;
#2496 = DIRECTION ( 'NONE',  ( 0.000000000000000000, 0.000000000000000000, 1.000000000000000000 ) ) ;
#2497 = ORIENTED_EDGE ( 'NONE', *, *, #362, .T. ) ;
#2498 = CARTESIAN_POINT ( 'NONE',  ( -1.800000000000000488, 1.620000000000000107, -0.9399999999999999467 ) ) ;
#2499 = LINE ( 'NONE', #898, #80 ) ;
#2500 = VECTOR ( 'NONE', #818, 1000.000000000000000 ) ;
#2501 = ORIENTED_EDGE ( 'NONE', *, *, #226, .T. ) ;
#2502 = DIRECTION ( 'NONE',  ( 0.000000000000000000, 0.000000000000000000, -1.000000000000000000 ) ) ;
#2503 = ORIENTED_EDGE ( 'NONE', *, *, #242, .F. ) ;
#2504 = ORIENTED_EDGE ( 'NONE', *, *, #899, .T. ) ;
#2505 = DIRECTION ( 'NONE',  ( -0.000000000000000000, 0.6019532684636279551, 0.7985313159707360109 ) ) ;
#2506 = FACE_OUTER_BOUND ( 'NONE', #191, .T. ) ;
#2507 = DIRECTION ( 'NONE',  ( 0.000000000000000000, 1.000000000000000000, 0.000000000000000000 ) ) ;
#2508 = FACE_OUTER_BOUND ( 'NONE', #139, .T. ) ;
#2509 = ADVANCED_FACE ( 'NONE', ( #104 ), #911, .T. ) ;
#2510 = EDGE_LOOP ( 'NONE', ( #1931, #976, #253, #422 ) ) ;
#2511 = EDGE_CURVE ( 'NONE', #452, #3358, #1717, .T. ) ;
#2512 = ADVANCED_FACE ( 'NONE', ( #2506 ), #2787, .T. ) ;
#2513 = APPLICATION_CONTEXT ( 'automotive_design' ) ;
#2514 = EDGE_CURVE ( 'NONE', #1044, #170, #1420, .T. ) ;
#2515 = CARTESIAN_POINT ( 'NONE',  ( 1.800000000000000488, 2.739559394791229785, 0.3694140194608157568 ) ) ;
#2516 = EDGE_CURVE ( 'NONE', #1946, #410, #1427, .T. ) ;
#2517 = LINE ( 'NONE', #1180, #1902 ) ;
#2518 = DIRECTION ( 'NONE',  ( -0.000000000000000000, 0.6019532684636279551, -0.7985313159707360109 ) ) ;
#2519 = VECTOR ( 'NONE', #724, 1000.000000000000000 ) ;
#2520 = ORIENTED_EDGE ( 'NONE', *, *, #172, .F. ) ;
#2521 = CARTESIAN_POINT ( 'NONE',  ( -4.394199999999999662, 3.290293736805999902, -1.100000000000000089 ) ) ;
#2522 = ORIENTED_EDGE ( 'NONE', *, *, #2066, .F. ) ;
#2523 = DIRECTION ( 'NONE',  ( 0.000000000000000000, -1.445602896647339311E-15, -1.000000000000000000 ) ) ;
#2524 = CIRCLE ( 'NONE', #388, 0.2999999999999998779 ) ;
#2525 = VERTEX_POINT ( 'NONE', #2491 ) ;
#2526 = CARTESIAN_POINT ( 'NONE',  ( 1.800000000000000266, 0.2000000000000000389, -0.6400000000000000133 ) ) ;
#2527 = ADVANCED_FACE ( 'NONE', ( #1437 ), #3019, .T. ) ;
#2528 = ADVANCED_FACE ( 'NONE', ( #1175 ), #1734, .F. ) ;
#2529 = CARTESIAN_POINT ( 'NONE',  ( 1.800000000000000488, 1.620000000000000107, -0.9399999999999999467 ) ) ;
#2530 = VECTOR ( 'NONE', #2802, 1000.000000000000000 ) ;
#2531 = LINE ( 'NONE', #2846, #2864 ) ;
#2532 = LINE ( 'NONE', #2220, #1010 ) ;
#2533 = ORIENTED_EDGE ( 'NONE', *, *, #2921, .F. ) ;
#2534 = CARTESIAN_POINT ( 'NONE',  ( 4.394200000000003214, 2.217070573179000359, 0.4502456044146000425 ) ) ;
#2535 = VECTOR ( 'NONE', #2868, 1000.000000000000000 ) ;
#2536 = FACE_OUTER_BOUND ( 'NONE', #2958, .T. ) ;
#2537 = CARTESIAN_POINT ( 'NONE',  ( -4.394199999999999662, 1.620000000000000107, -1.139999999999999902 ) ) ;
#2538 = ORIENTED_EDGE ( 'NONE', *, *, #2272, .T. ) ;
#2539 = CARTESIAN_POINT ( 'NONE',  ( -4.394199999999999662, 2.217070573179000359, 0.4502456044146000425 ) ) ;
#2540 = EDGE_LOOP ( 'NONE', ( #3122, #1246, #65, #1544, #715, #1435, #716, #952, #1757, #157, #2980, #3404, #2191, #3336, #1186, #2260 ) ) ;
#2541 = FACE_OUTER_BOUND ( 'NONE', #2185, .T. ) ;
#2542 = ORIENTED_EDGE ( 'NONE', *, *, #2066, .T. ) ;
#2543 = DIRECTION ( 'NONE',  ( 1.000000000000000000, 0.000000000000000000, 0.000000000000000000 ) ) ;
#2544 = CARTESIAN_POINT ( 'NONE',  ( -4.394199999999999662, 1.902929426820999970, 0.7397543955854000153 ) ) ;
#2545 = AXIS2_PLACEMENT_3D ( 'NONE', #3434, #3395, #206 ) ;
#2546 = DIRECTION ( 'NONE',  ( 0.000000000000000000, 0.6019532684636280662, 0.7985313159707361219 ) ) ;
#2547 = CARTESIAN_POINT ( 'NONE',  ( -4.394199999999999662, 0.5000000000000000000, -1.139999999999999902 ) ) ;
#2548 = FACE_OUTER_BOUND ( 'NONE', #3028, .T. ) ;
#2549 = ORIENTED_EDGE ( 'NONE', *, *, #1777, .F. ) ;
#2550 = ADVANCED_FACE ( 'NONE', ( #3315 ), #648, .T. ) ;
#2551 = CIRCLE ( 'NONE', #3277, 0.5000000000000000000 ) ;
#2552 = DIRECTION ( 'NONE',  ( -0.000000000000000000, 0.3325146519513070276, -0.9430980894041198770 ) ) ;
#2553 = CARTESIAN_POINT ( 'NONE',  ( -1.800000000000000488, 0.5000000000000000000, -0.9400000000000000577 ) ) ;
#2554 = AXIS2_PLACEMENT_3D ( 'NONE', #1041, #1652, #2670 ) ;
#2555 = CARTESIAN_POINT ( 'NONE',  ( -1.800000000000000488, 0.5000000000000000000, 0.9400000000000000577 ) ) ;
#2556 = ORIENTED_EDGE ( 'NONE', *, *, #3148, .F. ) ;
#2557 = EDGE_LOOP ( 'NONE', ( #1650, #1574, #2097, #673 ) ) ;
#2558 = CARTESIAN_POINT ( 'NONE',  ( -1.799999999999999600, 2.217070573179000359, 0.4502456044146000425 ) ) ;
#2559 = VECTOR ( 'NONE', #2786, 1000.000000000000000 ) ;
#2560 = EDGE_CURVE ( 'NONE', #2150, #68, #378, .T. ) ;
#2561 = DIRECTION ( 'NONE',  ( -1.000000000000000000, -0.000000000000000000, -0.000000000000000000 ) ) ;
#2562 = ORIENTED_EDGE ( 'NONE', *, *, #1996, .F. ) ;
#2563 = DIRECTION ( 'NONE',  ( 0.000000000000000000, 0.6019532684636279551, -0.7985313159707360109 ) ) ;
#2564 = EDGE_CURVE ( 'NONE', #127, #958, #1203, .T. ) ;
#2565 = DIRECTION ( 'NONE',  ( 1.000000000000000000, -0.000000000000000000, 0.000000000000000000 ) ) ;
#2566 = CARTESIAN_POINT ( 'NONE',  ( -1.500000000000000000, 0.2000000000000000111, -0.8400000000000001910 ) ) ;
#2567 = LINE ( 'NONE', #989, #3303 ) ;
#2568 = LINE ( 'NONE', #2067, #2466 ) ;
#2569 = ORIENTED_EDGE ( 'NONE', *, *, #1664, .T. ) ;
#2570 = DIRECTION ( 'NONE',  ( 1.000000000000000000, 0.000000000000000000, 0.000000000000000000 ) ) ;
#2571 = CARTESIAN_POINT ( 'NONE',  ( -4.394199999999999662, 0.5000000000000000000, 0.9400000000000000577 ) ) ;
#2572 = EDGE_CURVE ( 'NONE', #2407, #1023, #2804, .T. ) ;
#2573 = CARTESIAN_POINT ( 'NONE',  ( -1.800000000000000488, 3.450000000000000178, -0.9796093463073001217 ) ) ;
#2574 = ORIENTED_EDGE ( 'NONE', *, *, #694, .T. ) ;
#2575 = ORIENTED_EDGE ( 'NONE', *, *, #1900, .F. ) ;
#2576 = EDGE_CURVE ( 'NONE', #1073, #171, #3158, .T. ) ;
#2577 = ORIENTED_EDGE ( 'NONE', *, *, #1684, .F. ) ;
#2578 = DIRECTION ( 'NONE',  ( 1.000000000000000000, 0.000000000000000000, -0.000000000000000000 ) ) ;
#2579 = AXIS2_PLACEMENT_3D ( 'NONE', #277, #2967, #2372 ) ;
#2580 = DIRECTION ( 'NONE',  ( -0.000000000000000000, -1.000000000000000000, -0.000000000000000000 ) ) ;
#2581 = EDGE_LOOP ( 'NONE', ( #71, #2011, #1077, #1927 ) ) ;
#2582 = CARTESIAN_POINT ( 'NONE',  ( -4.394199999999999662, 1.902929426821207581, 0.7397543955854732900 ) ) ;
#2583 = CARTESIAN_POINT ( 'NONE',  ( -2.100000000000000089, 3.290293736805903979, -1.100000000000072697 ) ) ;
#2584 = LINE ( 'NONE', #2357, #2254 ) ;
#2585 = LINE ( 'NONE', #125, #1912 ) ;
#2586 = DIRECTION ( 'NONE',  ( 1.000000000000000000, 0.000000000000000000, 0.000000000000000000 ) ) ;
#2587 = ORIENTED_EDGE ( 'NONE', *, *, #2163, .T. ) ;
#2588 = DIRECTION ( 'NONE',  ( 0.000000000000000000, 1.000000000000000000, 0.000000000000000000 ) ) ;
#2589 = CARTESIAN_POINT ( 'NONE',  ( -4.394199999999999662, 0.000000000000000000, -0.4000000000000000777 ) ) ;
#2590 = AXIS2_PLACEMENT_3D ( 'NONE', #1075, #2668, #771 ) ;
#2591 = ORIENTED_EDGE ( 'NONE', *, *, #645, .T. ) ;
#2592 = AXIS2_PLACEMENT_3D ( 'NONE', #1325, #574, #1648 ) ;
#2593 = ORIENTED_EDGE ( 'NONE', *, *, #1281, .T. ) ;
#2594 = ORIENTED_EDGE ( 'NONE', *, *, #906, .T. ) ;
#2595 = CYLINDRICAL_SURFACE ( 'NONE', #343, 0.2999999999999999889 ) ;
#2596 = CARTESIAN_POINT ( 'NONE',  ( 4.394199999999999662, 2.899265657985000022, 0.2490233657681999724 ) ) ;
#2597 = ORIENTED_EDGE ( 'NONE', *, *, #1672, .T. ) ;
#2598 = FACE_OUTER_BOUND ( 'NONE', #62, .T. ) ;
#2599 = DIRECTION ( 'NONE',  ( -1.000000000000000000, -0.000000000000000000, -0.000000000000000000 ) ) ;
#2600 = PLANE ( 'NONE',  #1130 ) ;
#2601 = ADVANCED_FACE ( 'NONE', ( #1227 ), #2302, .F. ) ;
#2602 = VECTOR ( 'NONE', #1182, 1000.000000000000000 ) ;
#2603 = DIRECTION ( 'NONE',  ( 0.000000000000000000, -0.000000000000000000, 1.000000000000000000 ) ) ;
#2604 = DIRECTION ( 'NONE',  ( -0.000000000000000000, 0.7985313159707360109, -0.6019532684636279551 ) ) ;
#2605 = DIRECTION ( 'NONE',  ( 0.000000000000000000, 0.000000000000000000, -1.000000000000000000 ) ) ;
#2606 = DIRECTION ( 'NONE',  ( -0.000000000000000000, -1.000000000000000000, -0.000000000000000000 ) ) ;
#2607 = ORIENTED_EDGE ( 'NONE', *, *, #2946, .T. ) ;
#2608 = ORIENTED_EDGE ( 'NONE', *, *, #2769, .T. ) ;
#2609 = VERTEX_POINT ( 'NONE', #705 ) ;
#2610 = CIRCLE ( 'NONE', #1205, 0.2999999999999999889 ) ;
#2611 = DIRECTION ( 'NONE',  ( 1.000000000000000000, 0.000000000000000000, 0.000000000000000000 ) ) ;
#2612 = FACE_OUTER_BOUND ( 'NONE', #2901, .T. ) ;
#2613 = ORIENTED_EDGE ( 'NONE', *, *, #795, .T. ) ;
#2614 = FACE_OUTER_BOUND ( 'NONE', #548, .T. ) ;
#2615 = ORIENTED_EDGE ( 'NONE', *, *, #1575, .F. ) ;
#2616 = CARTESIAN_POINT ( 'NONE',  ( -4.394199999999999662, 0.2000000000000000111, -0.6400000000000000133 ) ) ;
#2617 = LINE ( 'NONE', #178, #2869 ) ;
#2618 = EDGE_CURVE ( 'NONE', #997, #2263, #722, .T. ) ;
#2619 = CARTESIAN_POINT ( 'NONE',  ( -4.394199999999999662, 1.620000000000000107, 0.9399999999999999467 ) ) ;
#2620 = LINE ( 'NONE', #992, #2669 ) ;
#2621 = CARTESIAN_POINT ( 'NONE',  ( -1.500000000000000000, 0.2000000000000000111, -0.6400000000000000133 ) ) ;
#2622 = EDGE_CURVE ( 'NONE', #295, #1223, #988, .T. ) ;
#2623 = DIRECTION ( 'NONE',  ( 0.000000000000000000, -0.3325146519513070276, -0.9430980894041198770 ) ) ;
#2624 = FILL_AREA_STYLE_COLOUR ( '', #1195 ) ;
#2625 = ADVANCED_FACE ( 'NONE', ( #779 ), #2064, .T. ) ;
#2626 = ORIENTED_EDGE ( 'NONE', *, *, #3435, .T. ) ;
#2627 = ADVANCED_FACE ( 'NONE', ( #514 ), #2920, .T. ) ;
#2628 = ORIENTED_EDGE ( 'NONE', *, *, #2063, .T. ) ;
#2629 = ORIENTED_EDGE ( 'NONE', *, *, #2469, .F. ) ;
#2630 = DIRECTION ( 'NONE',  ( 0.000000000000000000, 1.000000000000000000, -0.000000000000000000 ) ) ;
#2631 = AXIS2_PLACEMENT_3D ( 'NONE', #619, #408, #1694 ) ;
#2632 = DIRECTION ( 'NONE',  ( -1.000000000000000000, -0.000000000000000000, -0.000000000000000000 ) ) ;
#2633 = VERTEX_POINT ( 'NONE', #2845 ) ;
#2634 = DIRECTION ( 'NONE',  ( 0.000000000000000000, -1.000000000000000000, 0.000000000000000000 ) ) ;
#2635 = ORIENTED_EDGE ( 'NONE', *, *, #2272, .F. ) ;
#2636 = CARTESIAN_POINT ( 'NONE',  ( 4.094199999999999839, 3.290293736805979474, 1.099999999999972999 ) ) ;
#2637 = CARTESIAN_POINT ( 'NONE',  ( 1.800000000000000488, 2.500000000000000000, -0.5500000000000000444 ) ) ;
#2638 = EDGE_CURVE ( 'NONE', #2074, #2015, #3263, .T. ) ;
#2639 = CARTESIAN_POINT ( 'NONE',  ( 1.199999999999999734, 0.000000000000000000, -1.139999999999999902 ) ) ;
#2640 = ADVANCED_BREP_SHAPE_REPRESENTATION ( 'S1711-46R', ( #2007, #2545 ), #1313 ) ;
#2641 = CARTESIAN_POINT ( 'NONE',  ( 1.800000000000000488, 3.450000000000000178, -0.9796093463073001217 ) ) ;
#2642 = DIRECTION ( 'NONE',  ( 0.000000000000000000, -0.7985313159707360109, 0.6019532684636279551 ) ) ;
#2643 = CARTESIAN_POINT ( 'NONE',  ( -1.800000000000000266, 0.2000000000000000389, 0.6400000000000000133 ) ) ;
#2644 = ORIENTED_EDGE ( 'NONE', *, *, #1070, .T. ) ;
#2645 = ORIENTED_EDGE ( 'NONE', *, *, #377, .F. ) ;
#2646 = VECTOR ( 'NONE', #2578, 1000.000000000000000 ) ;
#2647 = DIRECTION ( 'NONE',  ( 1.000000000000000000, 0.000000000000000000, -0.000000000000000000 ) ) ;
#2648 = VECTOR ( 'NONE', #2902, 1000.000000000000000 ) ;
#2649 = AXIS2_PLACEMENT_3D ( 'NONE', #2637, #1047, #3187 ) ;
#2650 = CYLINDRICAL_SURFACE ( 'NONE', #1709, 0.2999999999999998779 ) ;
#2651 = EDGE_CURVE ( 'NONE', #2762, #513, #2378, .T. ) ;
#2652 = ORIENTED_EDGE ( 'NONE', *, *, #1019, .F. ) ;
#2653 = DIRECTION ( 'NONE',  ( -0.000000000000000000, -0.000000000000000000, 1.000000000000000000 ) ) ;
#2654 = EDGE_LOOP ( 'NONE', ( #2790, #730, #2128, #2120 ) ) ;
#2655 = LINE ( 'NONE', #2377, #400 ) ;
#2656 = EDGE_LOOP ( 'NONE', ( #1994, #1321, #2437, #3200 ) ) ;
#2657 = DIRECTION ( 'NONE',  ( 0.000000000000000000, 1.000000000000000000, 0.000000000000000000 ) ) ;
#2658 = AXIS2_PLACEMENT_3D ( 'NONE', #2539, #1990, #66 ) ;
#2659 = VECTOR ( 'NONE', #975, 1000.000000000000000 ) ;
#2660 = CARTESIAN_POINT ( 'NONE',  ( 4.094199999999999839, 3.097559479793000392, -0.8695982857951000122 ) ) ;
#2661 = CARTESIAN_POINT ( 'NONE',  ( -4.394199999999999662, 1.902929426821118097, 0.7397543955853961295 ) ) ;
#2662 = FACE_OUTER_BOUND ( 'NONE', #2484, .T. ) ;
#2663 = CIRCLE ( 'NONE', #3382, 0.2999999999999999334 ) ;
#2664 = EDGE_CURVE ( 'NONE', #396, #1637, #3447, .T. ) ;
#2665 = ORIENTED_EDGE ( 'NONE', *, *, #602, .T. ) ;
#2666 = ORIENTED_EDGE ( 'NONE', *, *, #3192, .F. ) ;
#2667 = VECTOR ( 'NONE', #317, 1000.000000000000000 ) ;
#2668 = DIRECTION ( 'NONE',  ( 0.000000000000000000, -1.000000000000000000, 0.000000000000000000 ) ) ;
#2669 = VECTOR ( 'NONE', #3172, 1000.000000000000000 ) ;
#2670 = DIRECTION ( 'NONE',  ( 0.000000000000000000, 0.000000000000000000, -1.000000000000000000 ) ) ;
#2671 = ORIENTED_EDGE ( 'NONE', *, *, #1998, .T. ) ;
#2672 = DIRECTION ( 'NONE',  ( 0.000000000000000000, 1.000000000000000000, -0.000000000000000000 ) ) ;
#2673 = AXIS2_PLACEMENT_3D ( 'NONE', #3038, #1703, #2268 ) ;
#2674 = ORIENTED_EDGE ( 'NONE', *, *, #2404, .T. ) ;
#2675 = CARTESIAN_POINT ( 'NONE',  ( -1.800000000000000488, 3.109707756266830270, -0.8604406052088714452 ) ) ;
#2676 = EDGE_CURVE ( 'NONE', #1629, #2525, #2584, .T. ) ;
#2677 = EDGE_CURVE ( 'NONE', #531, #3436, #243, .T. ) ;
#2678 = ADVANCED_FACE ( 'NONE', ( #1564 ), #2600, .T. ) ;
#2679 = EDGE_CURVE ( 'NONE', #1781, #223, #298, .T. ) ;
#2680 = VERTEX_POINT ( 'NONE', #2882 ) ;
#2681 = AXIS2_PLACEMENT_3D ( 'NONE', #1886, #2943, #2906 ) ;
#2682 = LINE ( 'NONE', #9, #260 ) ;
#2683 = CARTESIAN_POINT ( 'NONE',  ( -4.394199999999999662, 3.290293736805760982, -1.100000000000180389 ) ) ;
#2684 = DIRECTION ( 'NONE',  ( 1.000000000000000000, 0.000000000000000000, 0.000000000000000000 ) ) ;
#2685 = ORIENTED_EDGE ( 'NONE', *, *, #3408, .F. ) ;
#2686 = EDGE_LOOP ( 'NONE', ( #2503, #2252, #3138, #1992 ) ) ;
#2687 = EDGE_CURVE ( 'NONE', #2134, #1470, #1815, .T. ) ;
#2688 = DIRECTION ( 'NONE',  ( 0.000000000000000000, -0.6019532684636278441, 0.7985313159707362329 ) ) ;
#2689 = EDGE_CURVE ( 'NONE', #208, #3127, #2617, .T. ) ;
#2690 = LINE ( 'NONE', #1634, #2013 ) ;
#2691 = ORIENTED_EDGE ( 'NONE', *, *, #3458, .F. ) ;
#2692 = CARTESIAN_POINT ( 'NONE',  ( -1.800000000000000488, 2.500000000000000000, 0.2500000000000000555 ) ) ;
#2693 = ORIENTED_EDGE ( 'NONE', *, *, #2123, .F. ) ;
#2694 = DIRECTION ( 'NONE',  ( 0.000000000000000000, 0.000000000000000000, -1.000000000000000000 ) ) ;
#2695 = ORIENTED_EDGE ( 'NONE', *, *, #2664, .T. ) ;
#2696 = CARTESIAN_POINT ( 'NONE',  ( 1.800000000000000488, 2.500000000000000000, 0.5500000000000000444 ) ) ;
#2697 = CARTESIAN_POINT ( 'NONE',  ( 1.800000000000000266, 3.109707756267000356, -0.8604406052087999468 ) ) ;
#2698 = DIRECTION ( 'NONE',  ( 0.000000000000000000, 0.000000000000000000, -1.000000000000000000 ) ) ;
#2699 = AXIS2_PLACEMENT_3D ( 'NONE', #1438, #2020, #3111 ) ;
#2700 = EDGE_LOOP ( 'NONE', ( #2366, #3251, #543, #2497 ) ) ;
#2701 = ORIENTED_EDGE ( 'NONE', *, *, #1035, .F. ) ;
#2702 = DIRECTION ( 'NONE',  ( 0.000000000000000000, 0.000000000000000000, -1.000000000000000000 ) ) ;
#2703 = EDGE_LOOP ( 'NONE', ( #2645, #467, #3264, #3373 ) ) ;
#2704 = LINE ( 'NONE', #1913, #332 ) ;
#2705 = AXIS2_PLACEMENT_3D ( 'NONE', #1228, #420, #162 ) ;
#2706 = ORIENTED_EDGE ( 'NONE', *, *, #1116, .T. ) ;
#2707 = CARTESIAN_POINT ( 'NONE',  ( -1.649999999999999911, 0.2000000000000000111, 0.4900000000000001021 ) ) ;
#2708 = CIRCLE ( 'NONE', #2026, 0.4999999999999998890 ) ;
#2709 = ORIENTED_EDGE ( 'NONE', *, *, #108, .F. ) ;
#2710 = AXIS2_PLACEMENT_3D ( 'NONE', #2341, #741, #2121 ) ;
#2711 = ADVANCED_FACE ( 'NONE', ( #1027 ), #2324, .T. ) ;
#2712 = ORIENTED_EDGE ( 'NONE', *, *, #1533, .F. ) ;
#2713 = CIRCLE ( 'NONE', #3314, 0.5000000000000001110 ) ;
#2714 = FACE_OUTER_BOUND ( 'NONE', #52, .T. ) ;
#2715 = CYLINDRICAL_SURFACE ( 'NONE', #3007, 0.1499999999999999667 ) ;
#2716 = LINE ( 'NONE', #3008, #2991 ) ;
#2717 = ORIENTED_EDGE ( 'NONE', *, *, #1948, .T. ) ;
#2718 = EDGE_CURVE ( 'NONE', #695, #1782, #3433, .T. ) ;
#2719 = AXIS2_PLACEMENT_3D ( 'NONE', #3080, #355, #936 ) ;
#2720 = DIRECTION ( 'NONE',  ( 0.000000000000000000, 0.000000000000000000, -1.000000000000000000 ) ) ;
#2721 = SURFACE_STYLE_FILL_AREA ( #2166 ) ;
#2722 = ORIENTED_EDGE ( 'NONE', *, *, #2469, .T. ) ;
#2723 = CARTESIAN_POINT ( 'NONE',  ( -1.800000000000000488, 3.269414019460947785, -0.7400499515161258479 ) ) ;
#2724 = ORIENTED_EDGE ( 'NONE', *, *, #2048, .T. ) ;
#2725 = AXIS2_PLACEMENT_3D ( 'NONE', #2905, #588, #861 ) ;
#2726 = ORIENTED_EDGE ( 'NONE', *, *, #1381, .F. ) ;
#2727 = AXIS2_PLACEMENT_3D ( 'NONE', #1707, #2255, #2004 ) ;
#2728 = EDGE_CURVE ( 'NONE', #2462, #2732, #3384, .T. ) ;
#2729 = CARTESIAN_POINT ( 'NONE',  ( 4.394199999999999662, 0.000000000000000000, -0.9399999999999999467 ) ) ;
#2730 = LINE ( 'NONE', #350, #425 ) ;
#2731 = CYLINDRICAL_SURFACE ( 'NONE', #17, 0.5000000000000000000 ) ;
#2732 = VERTEX_POINT ( 'NONE', #1322 ) ;
#2733 = CARTESIAN_POINT ( 'NONE',  ( -1.500000000000000000, 0.000000000000000000, -1.139999999999999902 ) ) ;
#2734 = EDGE_CURVE ( 'NONE', #197, #154, #3312, .T. ) ;
#2735 = ORIENTED_EDGE ( 'NONE', *, *, #1430, .T. ) ;
#2736 = CARTESIAN_POINT ( 'NONE',  ( 4.394199999999999662, 0.1999999999999999833, 0.6400000000000000133 ) ) ;
#2737 = ORIENTED_EDGE ( 'NONE', *, *, #3257, .T. ) ;
#2738 = ORIENTED_EDGE ( 'NONE', *, *, #36, .T. ) ;
#2739 = CARTESIAN_POINT ( 'NONE',  ( 1.199999999999999956, 0.000000000000000000, 0.8400000000000000799 ) ) ;
#2740 = DIRECTION ( 'NONE',  ( 0.000000000000000000, -1.000000000000000000, 0.000000000000000000 ) ) ;
#2741 = CARTESIAN_POINT ( 'NONE',  ( 1.500000000000000000, 0.000000000000000000, 0.8400000000000000799 ) ) ;
#2742 = AXIS2_PLACEMENT_3D ( 'NONE', #443, #2863, #707 ) ;
#2743 = ORIENTED_EDGE ( 'NONE', *, *, #365, .F. ) ;
#2744 = DIRECTION ( 'NONE',  ( 0.000000000000000000, 0.000000000000000000, -1.000000000000000000 ) ) ;
#2745 = CARTESIAN_POINT ( 'NONE',  ( -4.394199999999999662, 0.5000000000000000000, -0.6400000000000000133 ) ) ;
#2746 = EDGE_LOOP ( 'NONE', ( #2474, #3194, #562, #90 ) ) ;
#2747 = DIRECTION ( 'NONE',  ( 0.000000000000000000, 0.6019532684636279551, -0.7985313159707360109 ) ) ;
#2748 = ORIENTED_EDGE ( 'NONE', *, *, #555, .F. ) ;
#2749 = EDGE_CURVE ( 'NONE', #1916, #2156, #1066, .T. ) ;
#2750 = ORIENTED_EDGE ( 'NONE', *, *, #1150, .F. ) ;
#2751 = DIRECTION ( 'NONE',  ( 0.000000000000000000, 0.7985313159707360109, -0.6019532684636279551 ) ) ;
#2752 = AXIS2_PLACEMENT_3D ( 'NONE', #767, #1840, #500 ) ;
#2753 = DIRECTION ( 'NONE',  ( 0.000000000000000000, 0.7985313159707360109, 0.6019532684636279551 ) ) ;
#2754 = DIRECTION ( 'NONE',  ( -1.000000000000000000, -0.000000000000000000, -0.000000000000000000 ) ) ;
#2755 = CARTESIAN_POINT ( 'NONE',  ( -4.394199999999999662, 3.450000000000000178, -0.9796093463073001217 ) ) ;
#2756 = EDGE_LOOP ( 'NONE', ( #3292, #2312, #2400, #2947 ) ) ;
#2757 = CARTESIAN_POINT ( 'NONE',  ( -1.800000000000000488, 1.902929426821244885, -0.7397543955854408715 ) ) ;
#2758 = EDGE_CURVE ( 'NONE', #2872, #2015, #794, .T. ) ;
#2759 = DIRECTION ( 'NONE',  ( 0.000000000000000000, -1.000000000000000000, 0.000000000000000000 ) ) ;
#2760 = VERTEX_POINT ( 'NONE', #718 ) ;
#2761 = FACE_OUTER_BOUND ( 'NONE', #933, .T. ) ;
#2762 = VERTEX_POINT ( 'NONE', #1002 ) ;
#2763 = AXIS2_PLACEMENT_3D ( 'NONE', #313, #3013, #2720 ) ;
#2764 = ORIENTED_EDGE ( 'NONE', *, *, #951, .T. ) ;
#2765 = CARTESIAN_POINT ( 'NONE',  ( 4.394199999999999662, 0.5000000000000000000, -1.139999999999999902 ) ) ;
#2766 = EDGE_CURVE ( 'NONE', #2334, #627, #2281, .T. ) ;
#2767 = ADVANCED_FACE ( 'NONE', ( #941 ), #196, .T. ) ;
#2768 = ADVANCED_FACE ( 'NONE', ( #1767 ), #698, .F. ) ;
#2769 = EDGE_CURVE ( 'NONE', #37, #1961, #522, .T. ) ;
#2770 = ADVANCED_FACE ( 'NONE', ( #2612 ), #2298, .T. ) ;
#2771 = CARTESIAN_POINT ( 'NONE',  ( 1.800000000000000488, 2.899265657985000022, 0.2490233657681999724 ) ) ;
#2772 = VECTOR ( 'NONE', #1739, 1000.000000000000000 ) ;
#2773 = CARTESIAN_POINT ( 'NONE',  ( 1.500000000000000000, 0.2000000000000000111, -0.8400000000000000799 ) ) ;
#2774 = DIRECTION ( 'NONE',  ( 0.000000000000000000, 0.000000000000000000, -1.000000000000000000 ) ) ;
#2775 = VERTEX_POINT ( 'NONE', #1505 ) ;
#2776 = DIRECTION ( 'NONE',  ( 1.000000000000000000, -0.000000000000000000, 0.000000000000000000 ) ) ;
#2777 = LINE ( 'NONE', #81, #2351 ) ;
#2778 = LINE ( 'NONE', #2794, #353 ) ;
#2779 = ADVANCED_FACE ( 'NONE', ( #3105 ), #3360, .F. ) ;
#2780 = EDGE_CURVE ( 'NONE', #410, #1519, #1826, .T. ) ;
#2781 = VERTEX_POINT ( 'NONE', #2014 ) ;
#2782 = CARTESIAN_POINT ( 'NONE',  ( -4.394199999999999662, 0.000000000000000000, 0.000000000000000000 ) ) ;
#2783 = ORIENTED_EDGE ( 'NONE', *, *, #2160, .T. ) ;
#2784 = LINE ( 'NONE', #2558, #237 ) ;
#2785 = ORIENTED_EDGE ( 'NONE', *, *, #2160, .F. ) ;
#2786 = DIRECTION ( 'NONE',  ( 1.000000000000000000, 0.000000000000000000, 0.000000000000000000 ) ) ;
#2787 = PLANE ( 'NONE',  #2495 ) ;
#2788 = CARTESIAN_POINT ( 'NONE',  ( 2.100000000000000089, 3.109707756266981260, -0.8604406052088714452 ) ) ;
#2789 = DIRECTION ( 'NONE',  ( 0.000000000000000000, 0.000000000000000000, -1.000000000000000000 ) ) ;
#2790 = ORIENTED_EDGE ( 'NONE', *, *, #185, .T. ) ;
#2791 = VECTOR ( 'NONE', #150, 1000.000000000000000 ) ;
#2792 = CARTESIAN_POINT ( 'NONE',  ( -4.394199999999999662, 1.620000000000000107, 0.9399999999999999467 ) ) ;
#2793 = DIRECTION ( 'NONE',  ( 0.000000000000000000, -0.3325146519513070276, 0.9430980894041198770 ) ) ;
#2794 = CARTESIAN_POINT ( 'NONE',  ( -1.800000000000000266, 3.269414019461000187, 0.7400499515160999797 ) ) ;
#2795 = ORIENTED_EDGE ( 'NONE', *, *, #854, .T. ) ;
#2796 = DIRECTION ( 'NONE',  ( 1.000000000000000000, 0.000000000000000000, 0.000000000000000000 ) ) ;
#2797 = ORIENTED_EDGE ( 'NONE', *, *, #3227, .F. ) ;
#2798 = DIRECTION ( 'NONE',  ( 1.000000000000000000, 0.000000000000000000, 0.000000000000000000 ) ) ;
#2799 = VECTOR ( 'NONE', #1359, 1000.000000000000000 ) ;
#2800 = ORIENTED_EDGE ( 'NONE', *, *, #2514, .F. ) ;
#2801 = CARTESIAN_POINT ( 'NONE',  ( -1.800000000000000488, 2.500000000000000000, 0.5500000000000000444 ) ) ;
#2802 = DIRECTION ( 'NONE',  ( 0.000000000000000000, 0.7985313159707360109, 0.6019532684636279551 ) ) ;
#2803 = ADVANCED_FACE ( 'NONE', ( #3085 ), #3419, .F. ) ;
#2804 = LINE ( 'NONE', #1963, #1029 ) ;
#2805 = CARTESIAN_POINT ( 'NONE',  ( -4.394199999999999662, 0.000000000000000000, -0.9399999999999999467 ) ) ;
#2806 = AXIS2_PLACEMENT_3D ( 'NONE', #2316, #3083, #674 ) ;
#2807 = CARTESIAN_POINT ( 'NONE',  ( -1.649999999999999911, 0.000000000000000000, -0.6400000000000000133 ) ) ;
#2808 = ORIENTED_EDGE ( 'NONE', *, *, #692, .F. ) ;
#2809 = VECTOR ( 'NONE', #3011, 1000.000000000000000 ) ;
#2810 = CARTESIAN_POINT ( 'NONE',  ( -4.394199999999999662, 2.739559394791135638, -0.3694140194607982708 ) ) ;
#2811 = CARTESIAN_POINT ( 'NONE',  ( 1.800000000000003819, 2.217070573179000359, 0.4502456044146000425 ) ) ;
#2812 = EDGE_CURVE ( 'NONE', #1556, #1433, #2856, .T. ) ;
#2813 = LINE ( 'NONE', #3062, #2042 ) ;
#2814 = EDGE_CURVE ( 'NONE', #1169, #2438, #181, .T. ) ;
#2815 = ORIENTED_EDGE ( 'NONE', *, *, #2897, .T. ) ;
#2816 = AXIS2_PLACEMENT_3D ( 'NONE', #328, #3461, #2502 ) ;
#2817 = ORIENTED_EDGE ( 'NONE', *, *, #1356, .F. ) ;
#2818 = CARTESIAN_POINT ( 'NONE',  ( 2.100000000000000089, 3.269414019460878063, 0.7400499515160348096 ) ) ;
#2819 = CARTESIAN_POINT ( 'NONE',  ( -4.394199999999999662, 1.620000000000000107, 0.6400000000000000133 ) ) ;
#2820 = ORIENTED_EDGE ( 'NONE', *, *, #2921, .T. ) ;
#2821 = DIRECTION ( 'NONE',  ( 0.000000000000000000, 0.6019532684636279551, 0.7985313159707360109 ) ) ;
#2822 = DIRECTION ( 'NONE',  ( 0.000000000000000000, 1.000000000000000000, 0.000000000000000000 ) ) ;
#2823 = MECHANICAL_DESIGN_GEOMETRIC_PRESENTATION_REPRESENTATION (  '', ( #2941 ), #917 ) ;
#2824 = DIRECTION ( 'NONE',  ( 1.000000000000000000, 0.000000000000000000, 0.000000000000000000 ) ) ;
#2825 = DIRECTION ( 'NONE',  ( 0.000000000000000000, 0.000000000000000000, -1.000000000000000000 ) ) ;
#2826 = ADVANCED_FACE ( 'NONE', ( #1239 ), #1543, .T. ) ;
#2827 = DIRECTION ( 'NONE',  ( 1.000000000000000000, 0.000000000000000000, 0.000000000000000000 ) ) ;
#2828 = AXIS2_PLACEMENT_3D ( 'NONE', #2374, #964, #1769 ) ;
#2829 = VERTEX_POINT ( 'NONE', #755 ) ;
#2830 = EDGE_CURVE ( 'NONE', #524, #1831, #156, .T. ) ;
#2831 = CIRCLE ( 'NONE', #34, 0.2999999999999999889 ) ;
#2832 = DIRECTION ( 'NONE',  ( 0.000000000000000000, 0.000000000000000000, -1.000000000000000000 ) ) ;
#2833 = PLANE ( 'NONE',  #1115 ) ;
#2834 = DIRECTION ( 'NONE',  ( 0.000000000000000000, -1.000000000000000000, 0.000000000000000000 ) ) ;
#2835 = ORIENTED_EDGE ( 'NONE', *, *, #1899, .F. ) ;
#2836 = VERTEX_POINT ( 'NONE', #1257 ) ;
#2837 = EDGE_LOOP ( 'NONE', ( #878, #1042, #2145, #855 ) ) ;
#2838 = AXIS2_PLACEMENT_3D ( 'NONE', #1570, #3411, #2605 ) ;
#2839 = LINE ( 'NONE', #3343, #740 ) ;
#2840 = CIRCLE ( 'NONE', #713, 0.4000000000000000222 ) ;
#2841 = DIRECTION ( 'NONE',  ( 1.000000000000000000, -0.000000000000000000, 0.000000000000000000 ) ) ;
#2842 = ORIENTED_EDGE ( 'NONE', *, *, #2159, .T. ) ;
#2843 = CARTESIAN_POINT ( 'NONE',  ( 1.800000000000001821, 2.217070573178732573, -0.4502456044145511371 ) ) ;
#2844 = PLANE ( 'NONE',  #3262 ) ;
#2845 = CARTESIAN_POINT ( 'NONE',  ( 4.394199999999999662, 3.109707756266885781, -0.8604406052089450530 ) ) ;
#2846 = CARTESIAN_POINT ( 'NONE',  ( -4.394199999999999662, 2.899265657985241607, 0.2490233657680181178 ) ) ;
#2847 = LINE ( 'NONE', #2884, #382 ) ;
#2848 = VERTEX_POINT ( 'NONE', #2337 ) ;
#2849 = FACE_OUTER_BOUND ( 'NONE', #737, .T. ) ;
#2850 = DIRECTION ( 'NONE',  ( 0.000000000000000000, 0.7985313159705307307, 0.6019532684639001818 ) ) ;
#2851 = ORIENTED_EDGE ( 'NONE', *, *, #967, .T. ) ;
#2852 = ORIENTED_EDGE ( 'NONE', *, *, #2689, .T. ) ;
#2853 = ORIENTED_EDGE ( 'NONE', *, *, #3192, .T. ) ;
#2854 = LINE ( 'NONE', #453, #2646 ) ;
#2855 = AXIS2_PLACEMENT_3D ( 'NONE', #3152, #2305, #2342 ) ;
#2856 = LINE ( 'NONE', #211, #1583 ) ;
#2857 = VERTEX_POINT ( 'NONE', #2898 ) ;
#2858 = CYLINDRICAL_SURFACE ( 'NONE', #1932, 0.2999999999999999889 ) ;
#2859 = CARTESIAN_POINT ( 'NONE',  ( 2.100000000000000089, 3.290293736805999902, -1.100000000000000089 ) ) ;
#2860 = EDGE_CURVE ( 'NONE', #224, #281, #3403, .T. ) ;
#2861 = CARTESIAN_POINT ( 'NONE',  ( 4.494200000000000195, 0.000000000000000000, -0.9399999999999999467 ) ) ;
#2862 = DIRECTION ( 'NONE',  ( 0.000000000000000000, 0.000000000000000000, -1.000000000000000000 ) ) ;
#2863 = DIRECTION ( 'NONE',  ( 0.000000000000000000, 0.000000000000000000, 1.000000000000000000 ) ) ;
#2864 = VECTOR ( 'NONE', #1176, 1000.000000000000000 ) ;
#2865 = CIRCLE ( 'NONE', #2806, 0.2999999999999999889 ) ;
#2866 = LINE ( 'NONE', #463, #2218 ) ;
#2867 = CARTESIAN_POINT ( 'NONE',  ( -4.394199999999999662, 2.899265657985241607, -0.2490233657680181178 ) ) ;
#2868 = DIRECTION ( 'NONE',  ( -1.000000000000000000, -0.000000000000000000, -0.000000000000000000 ) ) ;
#2869 = VECTOR ( 'NONE', #2101, 1000.000000000000000 ) ;
#2870 = ORIENTED_EDGE ( 'NONE', *, *, #182, .T. ) ;
#2871 = AXIS2_PLACEMENT_3D ( 'NONE', #2139, #847, #1923 ) ;
#2872 = VERTEX_POINT ( 'NONE', #228 ) ;
#2873 = ORIENTED_EDGE ( 'NONE', *, *, #1268, .F. ) ;
#2874 = DIRECTION ( 'NONE',  ( -0.000000000000000000, 1.000000000000000000, -0.000000000000000000 ) ) ;
#2875 = ADVANCED_FACE ( 'NONE', ( #3344 ), #1488, .F. ) ;
#2876 = CARTESIAN_POINT ( 'NONE',  ( -4.394199999999999662, 1.620000000000000107, 0.6400000000000000133 ) ) ;
#2877 = EDGE_LOOP ( 'NONE', ( #686, #19, #937, #1881 ) ) ;
#2878 = CARTESIAN_POINT ( 'NONE',  ( 4.394199999999999662, 3.269414019461002407, -0.7400499515161994557 ) ) ;
#2879 = ORIENTED_EDGE ( 'NONE', *, *, #1733, .T. ) ;
#2880 = PLANE ( 'NONE',  #1028 ) ;
#2881 = EDGE_CURVE ( 'NONE', #3047, #324, #1918, .T. ) ;
#2882 = CARTESIAN_POINT ( 'NONE',  ( 1.800000000000000266, 0.000000000000000000, -0.6400000000000000133 ) ) ;
#2883 = EDGE_CURVE ( 'NONE', #2968, #3438, #959, .T. ) ;
#2884 = CARTESIAN_POINT ( 'NONE',  ( 4.394199999999999662, 1.560000000000000275, -0.9399999999999999467 ) ) ;
#2885 = EDGE_CURVE ( 'NONE', #789, #154, #3124, .T. ) ;
#2886 = CIRCLE ( 'NONE', #3109, 0.3000000000000000444 ) ;
#2887 = DIRECTION ( 'NONE',  ( -1.000000000000000000, -0.000000000000000000, -0.000000000000000000 ) ) ;
#2888 = FACE_OUTER_BOUND ( 'NONE', #1618, .T. ) ;
#2889 = CARTESIAN_POINT ( 'NONE',  ( -4.394199999999999662, 0.000000000000000000, 0.6400000000000000133 ) ) ;
#2890 = APPLICATION_PROTOCOL_DEFINITION ( 'draft international standard', 'automotive_design', 1998, #2292 ) ;
#2891 = EDGE_LOOP ( 'NONE', ( #486, #1147, #2384, #814 ) ) ;
#2892 = AXIS2_PLACEMENT_3D ( 'NONE', #889, #2019, #629 ) ;
#2893 = ORIENTED_EDGE ( 'NONE', *, *, #3143, .T. ) ;
#2894 = VERTEX_POINT ( 'NONE', #660 ) ;
#2895 = CIRCLE ( 'NONE', #480, 0.2999999999999999334 ) ;
#2896 = FACE_OUTER_BOUND ( 'NONE', #1631, .T. ) ;
#2897 = EDGE_CURVE ( 'NONE', #223, #1270, #1993, .T. ) ;
#2898 = CARTESIAN_POINT ( 'NONE',  ( 3.349999999999999645, 0.000000000000000000, 0.4000000000000000222 ) ) ;
#2899 = ORIENTED_EDGE ( 'NONE', *, *, #2110, .T. ) ;
#2900 = FACE_OUTER_BOUND ( 'NONE', #23, .T. ) ;
#2901 = EDGE_LOOP ( 'NONE', ( #3220, #2919, #1310, #774 ) ) ;
#2902 = DIRECTION ( 'NONE',  ( -1.000000000000000000, -0.000000000000000000, -0.000000000000000000 ) ) ;
#2903 = DIRECTION ( 'NONE',  ( 0.000000000000000000, 0.000000000000000000, -1.000000000000000000 ) ) ;
#2904 = LINE ( 'NONE', #497, #3202 ) ;
#2905 = CARTESIAN_POINT ( 'NONE',  ( 4.394199999999999662, 2.500000000000000000, -0.5500000000000000444 ) ) ;
#2906 = DIRECTION ( 'NONE',  ( 0.000000000000000000, 0.3325146519513070276, 0.9430980894041198770 ) ) ;
#2907 = DIRECTION ( 'NONE',  ( -1.000000000000000000, -0.000000000000000000, -0.000000000000000000 ) ) ;
#2908 = ORIENTED_EDGE ( 'NONE', *, *, #481, .T. ) ;
#2909 = ORIENTED_EDGE ( 'NONE', *, *, #764, .F. ) ;
#2910 = ORIENTED_EDGE ( 'NONE', *, *, #1171, .T. ) ;
#2911 = CARTESIAN_POINT ( 'NONE',  ( -3.350000000000000089, 0.000000000000000000, -0.4000000000000000222 ) ) ;
#2912 = AXIS2_PLACEMENT_3D ( 'NONE', #2170, #1025, #2098 ) ;
#2913 = CARTESIAN_POINT ( 'NONE',  ( -4.094199999999999839, 3.450000000000000178, 0.9796093463073001217 ) ) ;
#2914 = EDGE_LOOP ( 'NONE', ( #560, #455, #2409, #3024 ) ) ;
#2915 = LINE ( 'NONE', #3421, #1942 ) ;
#2916 = EDGE_LOOP ( 'NONE', ( #1152, #1612, #3137, #1711 ) ) ;
#2917 = DIRECTION ( 'NONE',  ( 0.000000000000000000, 0.000000000000000000, -1.000000000000000000 ) ) ;
#2918 = VECTOR ( 'NONE', #1816, 1000.000000000000000 ) ;
#2919 = ORIENTED_EDGE ( 'NONE', *, *, #1400, .T. ) ;
#2920 = PLANE ( 'NONE',  #122 ) ;
#2921 = EDGE_CURVE ( 'NONE', #68, #3145, #1204, .T. ) ;
#2922 = LINE ( 'NONE', #780, #3299 ) ;
#2923 = CARTESIAN_POINT ( 'NONE',  ( -1.500000000000000000, 0.000000000000000000, 0.6400000000000000133 ) ) ;
#2924 = CARTESIAN_POINT ( 'NONE',  ( -4.394199999999999662, 2.899265657985000022, 0.2490233657681999724 ) ) ;
#2925 = DIRECTION ( 'NONE',  ( 0.000000000000000000, -0.000000000000000000, -1.000000000000000000 ) ) ;
#2926 = ORIENTED_EDGE ( 'NONE', *, *, #951, .F. ) ;
#2927 = ORIENTED_EDGE ( 'NONE', *, *, #2734, .F. ) ;
#2928 = ADVANCED_FACE ( 'NONE', ( #1976 ), #432, .F. ) ;
#2929 = AXIS2_PLACEMENT_3D ( 'NONE', #173, #412, #717 ) ;
#2930 = EDGE_CURVE ( 'NONE', #3436, #1663, #2839, .T. ) ;
#2931 = EDGE_CURVE ( 'NONE', #3367, #750, #577, .T. ) ;
#2932 = FACE_OUTER_BOUND ( 'NONE', #3231, .T. ) ;
#2933 = CARTESIAN_POINT ( 'NONE',  ( -4.394199999999999662, 2.500000000000000000, 0.2500000000000000555 ) ) ;
#2934 = ORIENTED_EDGE ( 'NONE', *, *, #3394, .F. ) ;
#2935 = CYLINDRICAL_SURFACE ( 'NONE', #1482, 0.3000000000000000444 ) ;
#2936 = ORIENTED_EDGE ( 'NONE', *, *, #1430, .F. ) ;
#2937 = DIRECTION ( 'NONE',  ( -0.000000000000000000, -1.000000000000000000, -0.000000000000000000 ) ) ;
#2938 = EDGE_LOOP ( 'NONE', ( #3379, #1977, #2853, #2899 ) ) ;
#2939 = VECTOR ( 'NONE', #3290, 1000.000000000000000 ) ;
#2940 = ADVANCED_FACE ( 'NONE', ( #2541 ), #2057, .T. ) ;
#2941 = STYLED_ITEM ( 'NONE', ( #1372 ), #2640 ) ;
#2942 = CARTESIAN_POINT ( 'NONE',  ( -1.800000000000000488, 2.091549044702156746, 0.8062573259757214172 ) ) ;
#2943 = DIRECTION ( 'NONE',  ( 0.000000000000000000, 0.9430980894041198770, -0.3325146519513070276 ) ) ;
#2944 = CARTESIAN_POINT ( 'NONE',  ( 1.500000000000000000, 0.2000000000000000111, 1.139999999999999902 ) ) ;
#2945 = CIRCLE ( 'NONE', #311, 0.2999999999999999889 ) ;
#2946 = EDGE_CURVE ( 'NONE', #2781, #127, #1806, .T. ) ;
#2947 = ORIENTED_EDGE ( 'NONE', *, *, #2734, .T. ) ;
#2948 = ORIENTED_EDGE ( 'NONE', *, *, #1907, .T. ) ;
#2949 = CIRCLE ( 'NONE', #3451, 0.3000000000000000444 ) ;
#2950 = FACE_OUTER_BOUND ( 'NONE', #304, .T. ) ;
#2951 = PRESENTATION_LAYER_ASSIGNMENT (  '', '', ( #1549 ) ) ;
#2952 = FACE_OUTER_BOUND ( 'NONE', #1901, .T. ) ;
#2953 = ORIENTED_EDGE ( 'NONE', *, *, #554, .T. ) ;
#2954 = DIRECTION ( 'NONE',  ( 0.000000000000000000, 0.000000000000000000, -1.000000000000000000 ) ) ;
#2955 = VECTOR ( 'NONE', #2413, 1000.000000000000000 ) ;
#2956 = ORIENTED_EDGE ( 'NONE', *, *, #1380, .T. ) ;
#2957 = CARTESIAN_POINT ( 'NONE',  ( 1.800000000000002931, 2.217070573178985704, 0.4502456044146405656 ) ) ;
#2958 = EDGE_LOOP ( 'NONE', ( #2278, #2114, #3239, #2549 ) ) ;
#2959 = AXIS2_PLACEMENT_3D ( 'NONE', #799, #1053, #536 ) ;
#2960 =( LENGTH_UNIT ( ) NAMED_UNIT ( * ) SI_UNIT ( .MILLI., .METRE. ) );
#2961 = DIRECTION ( 'NONE',  ( 0.000000000000000000, 0.000000000000000000, -1.000000000000000000 ) ) ;
#2962 = LINE ( 'NONE', #483, #2395 ) ;
#2963 = FACE_OUTER_BOUND ( 'NONE', #618, .T. ) ;
#2964 = EDGE_LOOP ( 'NONE', ( #2032, #3017, #261, #164 ) ) ;
#2965 = VERTEX_POINT ( 'NONE', #1729 ) ;
#2966 = DIRECTION ( 'NONE',  ( 0.000000000000000000, 0.6019532684636278441, 0.7985313159707362329 ) ) ;
#2967 = DIRECTION ( 'NONE',  ( 1.000000000000000000, 0.000000000000000000, 0.000000000000000000 ) ) ;
#2968 = VERTEX_POINT ( 'NONE', #926 ) ;
#2969 = DIRECTION ( 'NONE',  ( -1.000000000000000000, -0.000000000000000000, -0.000000000000000000 ) ) ;
#2970 = ORIENTED_EDGE ( 'NONE', *, *, #2141, .F. ) ;
#2971 = EDGE_CURVE ( 'NONE', #1537, #1393, #2854, .T. ) ;
#2972 = ORIENTED_EDGE ( 'NONE', *, *, #694, .F. ) ;
#2973 = EDGE_CURVE ( 'NONE', #2458, #566, #2784, .T. ) ;
#2974 = VECTOR ( 'NONE', #2287, 1000.000000000000000 ) ;
#2975 = DIRECTION ( 'NONE',  ( -0.000000000000000000, -0.3325146519513070276, -0.9430980894041198770 ) ) ;
#2976 = CARTESIAN_POINT ( 'NONE',  ( -4.394199999999999662, 2.739559394791000191, -0.3694140194609000782 ) ) ;
#2977 = LINE ( 'NONE', #1087, #1526 ) ;
#2978 = CIRCLE ( 'NONE', #2699, 0.2999999999999999889 ) ;
#2979 = ORIENTED_EDGE ( 'NONE', *, *, #33, .T. ) ;
#2980 = ORIENTED_EDGE ( 'NONE', *, *, #2766, .F. ) ;
#2981 = DIRECTION ( 'NONE',  ( -1.000000000000000000, 0.000000000000000000, 0.000000000000000000 ) ) ;
#2982 = LINE ( 'NONE', #2, #2297 ) ;
#2983 = CIRCLE ( 'NONE', #2367, 0.4000000000000000222 ) ;
#2984 = ORIENTED_EDGE ( 'NONE', *, *, #2679, .F. ) ;
#2985 = CARTESIAN_POINT ( 'NONE',  ( -4.394199999999999662, 1.620000000000000107, -0.9399999999999999467 ) ) ;
#2986 = VECTOR ( 'NONE', #3402, 1000.000000000000000 ) ;
#2987 = ORIENTED_EDGE ( 'NONE', *, *, #362, .F. ) ;
#2988 = EDGE_CURVE ( 'NONE', #991, #1690, #2865, .T. ) ;
#2989 = VECTOR ( 'NONE', #3364, 1000.000000000000000 ) ;
#2990 = ORIENTED_EDGE ( 'NONE', *, *, #73, .T. ) ;
#2991 = VECTOR ( 'NONE', #1592, 1000.000000000000000 ) ;
#2992 = ADVANCED_FACE ( 'NONE', ( #374 ), #155, .T. ) ;
#2993 = CARTESIAN_POINT ( 'NONE',  ( -1.500000000000000000, 0.2000000000000000111, 0.6400000000000000133 ) ) ;
#2994 = CYLINDRICAL_SURFACE ( 'NONE', #843, 0.2999999999999999889 ) ;
#2995 = ADVANCED_FACE ( 'NONE', ( #1521 ), #2595, .T. ) ;
#2996 = LINE ( 'NONE', #2944, #801 ) ;
#2997 = ORIENTED_EDGE ( 'NONE', *, *, #2638, .T. ) ;
#2998 = DIRECTION ( 'NONE',  ( 0.000000000000000000, 0.000000000000000000, -1.000000000000000000 ) ) ;
#2999 = VERTEX_POINT ( 'NONE', #907 ) ;
#3000 = LINE ( 'NONE', #790, #1424 ) ;
#3001 = ORIENTED_EDGE ( 'NONE', *, *, #45, .T. ) ;
#3002 = EDGE_CURVE ( 'NONE', #523, #279, #1406, .T. ) ;
#3003 = VECTOR ( 'NONE', #572, 1000.000000000000000 ) ;
#3004 = ORIENTED_EDGE ( 'NONE', *, *, #2209, .F. ) ;
#3005 = DIRECTION ( 'NONE',  ( 1.000000000000000000, 0.000000000000000000, 0.000000000000000000 ) ) ;
#3006 = LINE ( 'NONE', #604, #732 ) ;
#3007 = AXIS2_PLACEMENT_3D ( 'NONE', #3021, #2740, #290 ) ;
#3008 = CARTESIAN_POINT ( 'NONE',  ( 4.394199999999999662, 0.5600000000000000533, 0.000000000000000000 ) ) ;
#3009 = AXIS2_PLACEMENT_3D ( 'NONE', #1962, #2300, #3362 ) ;
#3010 = ORIENTED_EDGE ( 'NONE', *, *, #1320, .T. ) ;
#3011 = DIRECTION ( 'NONE',  ( -1.000000000000000000, -0.000000000000000000, -0.000000000000000000 ) ) ;
#3012 = ADVANCED_FACE ( 'NONE', ( #2265 ), #3326, .F. ) ;
#3013 = DIRECTION ( 'NONE',  ( 0.000000000000000000, -1.000000000000000000, 0.000000000000000000 ) ) ;
#3014 = ORIENTED_EDGE ( 'NONE', *, *, #1418, .T. ) ;
#3015 = CARTESIAN_POINT ( 'NONE',  ( 3.350000000000000089, 0.000000000000000000, 0.4000000000000000222 ) ) ;
#3016 = EDGE_LOOP ( 'NONE', ( #2221, #768, #2307, #31, #360, #1581, #2613, #190, #1670, #297, #450, #882, #1562, #651, #136, #3, #3415, #833, #1149, #2444, #1120, #2587 ) ) ;
#3017 = ORIENTED_EDGE ( 'NONE', *, *, #236, .F. ) ;
#3018 = LINE ( 'NONE', #1471, #427 ) ;
#3019 = CYLINDRICAL_SURFACE ( 'NONE', #479, 0.4999999999999998890 ) ;
#3020 = EDGE_CURVE ( 'NONE', #2206, #842, #3457, .T. ) ;
#3021 = CARTESIAN_POINT ( 'NONE',  ( 1.649999999999999911, 0.000000000000000000, 0.6400000000000000133 ) ) ;
#3022 = LINE ( 'NONE', #3058, #1856 ) ;
#3023 = CIRCLE ( 'NONE', #283, 0.5000000000000000000 ) ;
#3024 = ORIENTED_EDGE ( 'NONE', *, *, #2676, .F. ) ;
#3025 = CARTESIAN_POINT ( 'NONE',  ( 1.800000000000000488, 2.091549044702156746, 0.8062573259757214172 ) ) ;
#3026 = CARTESIAN_POINT ( 'NONE',  ( -1.800000000000000266, 0.1999999999999999833, -0.6400000000000000133 ) ) ;
#3027 = EDGE_CURVE ( 'NONE', #2848, #40, #1312, .T. ) ;
#3028 = EDGE_LOOP ( 'NONE', ( #1879, #2685, #2691, #998 ) ) ;
#3029 = DIRECTION ( 'NONE',  ( 1.000000000000000000, 0.000000000000000000, 0.000000000000000000 ) ) ;
#3030 = EDGE_CURVE ( 'NONE', #1916, #2872, #3213, .T. ) ;
#3031 = ORIENTED_EDGE ( 'NONE', *, *, #1672, .F. ) ;
#3032 = EDGE_CURVE ( 'NONE', #2760, #1363, #1825, .T. ) ;
#3033 = EDGE_CURVE ( 'NONE', #1614, #249, #2708, .T. ) ;
#3034 = ORIENTED_EDGE ( 'NONE', *, *, #3181, .F. ) ;
#3035 = PLANE ( 'NONE',  #2396 ) ;
#3036 = CIRCLE ( 'NONE', #1967, 0.2999999999999999889 ) ;
#3037 = AXIS2_PLACEMENT_3D ( 'NONE', #1198, #3338, #2005 ) ;
#3038 = CARTESIAN_POINT ( 'NONE',  ( -1.800000000000000488, 0.5000000000000000000, -0.6400000000000000133 ) ) ;
#3039 = CARTESIAN_POINT ( 'NONE',  ( -1.649999999999999911, 0.000000000000000000, 0.6400000000000000133 ) ) ;
#3040 = CARTESIAN_POINT ( 'NONE',  ( 1.500000000000000000, 0.000000000000000000, 1.139999999999999902 ) ) ;
#3041 = EDGE_CURVE ( 'NONE', #324, #869, #1128, .T. ) ;
#3042 = ORIENTED_EDGE ( 'NONE', *, *, #160, .F. ) ;
#3043 = EDGE_CURVE ( 'NONE', #410, #3127, #2111, .T. ) ;
#3044 = DIRECTION ( 'NONE',  ( -1.000000000000000000, -0.000000000000000000, -0.000000000000000000 ) ) ;
#3045 = LINE ( 'NONE', #2222, #2187 ) ;
#3046 = DIRECTION ( 'NONE',  ( 1.000000000000000000, -0.000000000000000000, 0.000000000000000000 ) ) ;
#3047 = VERTEX_POINT ( 'NONE', #469 ) ;
#3048 = CARTESIAN_POINT ( 'NONE',  ( 4.394199999999999662, 0.5599999999999999423, -0.9399999999999999467 ) ) ;
#3049 = ORIENTED_EDGE ( 'NONE', *, *, #1972, .T. ) ;
#3050 = CARTESIAN_POINT ( 'NONE',  ( -1.800000000000000488, 2.500000000000000000, 0.5500000000000000444 ) ) ;
#3051 = AXIS2_PLACEMENT_3D ( 'NONE', #1345, #1103, #580 ) ;
#3052 = EDGE_LOOP ( 'NONE', ( #2266, #3439, #2130, #2635 ) ) ;
#3053 = DIRECTION ( 'NONE',  ( 0.000000000000000000, 0.6019532684636278441, -0.7985313159707362329 ) ) ;
#3054 = AXIS2_PLACEMENT_3D ( 'NONE', #745, #482, #3429 ) ;
#3055 = DIRECTION ( 'NONE',  ( 0.000000000000000000, 0.000000000000000000, -1.000000000000000000 ) ) ;
#3056 = CIRCLE ( 'NONE', #88, 0.5000000000000000000 ) ;
#3057 = CARTESIAN_POINT ( 'NONE',  ( 2.100000000000000089, 3.282148189088000212, 0.7304506097308000045 ) ) ;
#3058 = CARTESIAN_POINT ( 'NONE',  ( -4.394199999999999662, 1.902929426821207581, 0.7397543955854732900 ) ) ;
#3059 = ORIENTED_EDGE ( 'NONE', *, *, #2415, .F. ) ;
#3060 = CARTESIAN_POINT ( 'NONE',  ( -1.500000000000000000, 0.2000000000000000111, 0.6400000000000000133 ) ) ;
#3061 = DIRECTION ( 'NONE',  ( 0.000000000000000000, -0.7985313159705307307, 0.6019532684639001818 ) ) ;
#3062 = CARTESIAN_POINT ( 'NONE',  ( 4.394199999999999662, 0.5600000000000000533, -1.139999999999999902 ) ) ;
#3063 = ORIENTED_EDGE ( 'NONE', *, *, #1219, .F. ) ;
#3064 = CARTESIAN_POINT ( 'NONE',  ( -1.800000000000000488, 2.739559394791110325, -0.3694140194609058514 ) ) ;
#3065 = ORIENTED_EDGE ( 'NONE', *, *, #3247, .T. ) ;
#3066 = EDGE_CURVE ( 'NONE', #621, #2288, #506, .T. ) ;
#3067 = DIRECTION ( 'NONE',  ( 1.000000000000000000, 0.000000000000000000, 0.000000000000000000 ) ) ;
#3068 = EDGE_LOOP ( 'NONE', ( #756, #2870, #978, #2936 ) ) ;
#3069 = DIRECTION ( 'NONE',  ( 0.000000000000000000, -0.7985313159707360109, 0.6019532684636279551 ) ) ;
#3070 = DIRECTION ( 'NONE',  ( 1.000000000000000000, -0.000000000000000000, 0.000000000000000000 ) ) ;
#3071 = FACE_OUTER_BOUND ( 'NONE', #585, .T. ) ;
#3072 = PLANE ( 'NONE',  #2422 ) ;
#3073 = EDGE_CURVE ( 'NONE', #1929, #2088, #3036, .T. ) ;
#3074 = CYLINDRICAL_SURFACE ( 'NONE', #1586, 0.2999999999999999334 ) ;
#3075 = ADVANCED_FACE ( 'NONE', ( #788 ), #1844, .F. ) ;
#3076 = ORIENTED_EDGE ( 'NONE', *, *, #644, .F. ) ;
#3077 = CIRCLE ( 'NONE', #945, 0.3000000000000000444 ) ;
#3078 = CARTESIAN_POINT ( 'NONE',  ( -2.100000000000000089, 3.450000000000000178, 0.9796093463073001217 ) ) ;
#3079 = CARTESIAN_POINT ( 'NONE',  ( 1.800000000000000488, 0.5000000000000000000, -0.6400000000000000133 ) ) ;
#3080 = CARTESIAN_POINT ( 'NONE',  ( 4.394199999999999662, 0.5000000000000000000, -0.6400000000000000133 ) ) ;
#3081 = ORIENTED_EDGE ( 'NONE', *, *, #3043, .T. ) ;
#3082 = VERTEX_POINT ( 'NONE', #1862 ) ;
#3083 = DIRECTION ( 'NONE',  ( -1.000000000000000000, -0.000000000000000000, -0.000000000000000000 ) ) ;
#3084 = ADVANCED_FACE ( 'NONE', ( #2932 ), #262, .T. ) ;
#3085 = FACE_OUTER_BOUND ( 'NONE', #3453, .T. ) ;
#3086 = ORIENTED_EDGE ( 'NONE', *, *, #1801, .T. ) ;
#3087 = CARTESIAN_POINT ( 'NONE',  ( 1.500000000000000444, 0.000000000000000000, 0.6400000000000000133 ) ) ;
#3088 = DIRECTION ( 'NONE',  ( 0.000000000000000000, 0.7985313159707360109, -0.6019532684636279551 ) ) ;
#3089 = EDGE_CURVE ( 'NONE', #958, #344, #210, .T. ) ;
#3090 = DIRECTION ( 'NONE',  ( 0.000000000000000000, 0.000000000000000000, -1.000000000000000000 ) ) ;
#3091 = DIRECTION ( 'NONE',  ( 0.000000000000000000, -0.6019532684636280662, 0.7985313159707361219 ) ) ;
#3092 = AXIS2_PLACEMENT_3D ( 'NONE', #2129, #1275, #1331 ) ;
#3093 = DIRECTION ( 'NONE',  ( 0.000000000000000000, 1.000000000000000000, 0.000000000000000000 ) ) ;
#3094 = EDGE_LOOP ( 'NONE', ( #2956, #1014, #1315, #2910, #1431, #259, #3466, #2908 ) ) ;
#3095 = AXIS2_PLACEMENT_3D ( 'NONE', #1249, #1859, #2925 ) ;
#3096 = CIRCLE ( 'NONE', #1744, 0.5000000000000000000 ) ;
#3097 = VECTOR ( 'NONE', #3130, 1000.000000000000114 ) ;
#3098 = DIRECTION ( 'NONE',  ( -0.000000000000000000, 1.000000000000000000, -0.000000000000000000 ) ) ;
#3099 = CARTESIAN_POINT ( 'NONE',  ( -1.500000000000000000, 0.000000000000000000, -0.6400000000000000133 ) ) ;
#3100 = CARTESIAN_POINT ( 'NONE',  ( -4.494200000000000195, 0.5600000000000000533, -1.139999999999999902 ) ) ;
#3101 = ORIENTED_EDGE ( 'NONE', *, *, #3294, .T. ) ;
#3102 = AXIS2_PLACEMENT_3D ( 'NONE', #2782, #3135, #622 ) ;
#3103 = ORIENTED_EDGE ( 'NONE', *, *, #2679, .T. ) ;
#3104 = DIRECTION ( 'NONE',  ( 1.000000000000000000, 0.000000000000000000, -0.000000000000000000 ) ) ;
#3105 = FACE_OUTER_BOUND ( 'NONE', #1293, .T. ) ;
#3106 = ORIENTED_EDGE ( 'NONE', *, *, #2262, .F. ) ;
#3107 = CARTESIAN_POINT ( 'NONE',  ( -4.394199999999999662, 2.500000000000000000, 0.5500000000000000444 ) ) ;
#3108 = DIRECTION ( 'NONE',  ( 0.000000000000000000, 0.000000000000000000, -1.000000000000000000 ) ) ;
#3109 = AXIS2_PLACEMENT_3D ( 'NONE', #2745, #1926, #837 ) ;
#3110 = DIRECTION ( 'NONE',  ( -1.000000000000000000, -0.000000000000000000, -0.000000000000000000 ) ) ;
#3111 = DIRECTION ( 'NONE',  ( 0.000000000000000000, 7.228014483236696555E-16, -1.000000000000000000 ) ) ;
#3112 = DIRECTION ( 'NONE',  ( 1.000000000000000000, 0.000000000000000000, 0.000000000000000000 ) ) ;
#3113 = AXIS2_PLACEMENT_3D ( 'NONE', #840, #1880, #2954 ) ;
#3114 = VERTEX_POINT ( 'NONE', #1018 ) ;
#3115 = VECTOR ( 'NONE', #2604, 1000.000000000000000 ) ;
#3116 = AXIS2_PLACEMENT_3D ( 'NONE', #2739, #1645, #535 ) ;
#3117 = CARTESIAN_POINT ( 'NONE',  ( -4.394199999999999662, 0.5000000000000000000, 0.6400000000000000133 ) ) ;
#3118 = DIRECTION ( 'NONE',  ( 0.000000000000000000, 0.000000000000000000, -1.000000000000000000 ) ) ;
#3119 = LINE ( 'NONE', #131, #2602 ) ;
#3120 = ORIENTED_EDGE ( 'NONE', *, *, #2411, .F. ) ;
#3121 = ORIENTED_EDGE ( 'NONE', *, *, #550, .F. ) ;
#3122 = ORIENTED_EDGE ( 'NONE', *, *, #287, .F. ) ;
#3123 = ADVANCED_FACE ( 'NONE', ( #2896 ), #1876, .T. ) ;
#3124 = LINE ( 'NONE', #940, #850 ) ;
#3125 = VECTOR ( 'NONE', #929, 1000.000000000000000 ) ;
#3126 = DIRECTION ( 'NONE',  ( -1.000000000000000000, -0.000000000000000000, -0.000000000000000000 ) ) ;
#3127 = VERTEX_POINT ( 'NONE', #2143 ) ;
#3128 = CARTESIAN_POINT ( 'NONE',  ( 4.494200000000000195, 1.560000000000000275, 0.000000000000000000 ) ) ;
#3129 = CARTESIAN_POINT ( 'NONE',  ( 3.350000000000000089, 0.000000000000000000, 0.000000000000000000 ) ) ;
#3130 = DIRECTION ( 'NONE',  ( 0.000000000000000000, 0.7985313159705307307, 0.6019532684639001818 ) ) ;
#3131 = FACE_BOUND ( 'NONE', #2938, .T. ) ;
#3132 = DIRECTION ( 'NONE',  ( 1.000000000000000000, 0.000000000000000000, -0.000000000000000000 ) ) ;
#3133 = ORIENTED_EDGE ( 'NONE', *, *, #288, .F. ) ;
#3134 = DIRECTION ( 'NONE',  ( -0.000000000000000000, -0.6019532684636279551, 0.7985313159707360109 ) ) ;
#3135 = DIRECTION ( 'NONE',  ( 1.000000000000000000, -0.000000000000000000, 0.000000000000000000 ) ) ;
#3136 = CARTESIAN_POINT ( 'NONE',  ( 4.494200000000001083, 0.5000000000000000000, -1.139999999999999902 ) ) ;
#3137 = ORIENTED_EDGE ( 'NONE', *, *, #2023, .T. ) ;
#3138 = ORIENTED_EDGE ( 'NONE', *, *, #735, .T. ) ;
#3139 = ORIENTED_EDGE ( 'NONE', *, *, #2749, .T. ) ;
#3140 = ADVANCED_FACE ( 'NONE', ( #2950 ), #489, .F. ) ;
#3141 = CARTESIAN_POINT ( 'NONE',  ( 1.500000000000000000, 0.2000000000000000111, -0.6400000000000000133 ) ) ;
#3142 = CIRCLE ( 'NONE', #2080, 0.3000000000000000444 ) ;
#3143 = EDGE_CURVE ( 'NONE', #1044, #1023, #1256, .T. ) ;
#3144 = CARTESIAN_POINT ( 'NONE',  ( 1.199999999999999956, -0.01492002703493000050, 0.8400000000000000799 ) ) ;
#3145 = VERTEX_POINT ( 'NONE', #1558 ) ;
#3146 = DIRECTION ( 'NONE',  ( 1.000000000000000000, 0.000000000000000000, 0.000000000000000000 ) ) ;
#3147 = EDGE_CURVE ( 'NONE', #2781, #21, #227, .T. ) ;
#3148 = EDGE_CURVE ( 'NONE', #1218, #1781, #2420, .T. ) ;
#3149 = CARTESIAN_POINT ( 'NONE',  ( -4.094199999999999839, 3.290293736805880886, -1.100000000000090017 ) ) ;
#3150 = CIRCLE ( 'NONE', #1633, 0.1499999999999999667 ) ;
#3151 = DIRECTION ( 'NONE',  ( -1.000000000000000000, 0.000000000000000000, -0.000000000000000000 ) ) ;
#3152 = CARTESIAN_POINT ( 'NONE',  ( -1.800000000000000488, 1.620000000000000107, -0.6400000000000000133 ) ) ;
#3153 = VECTOR ( 'NONE', #2841, 1000.000000000000000 ) ;
#3154 = CYLINDRICAL_SURFACE ( 'NONE', #1830, 0.2999999999999999889 ) ;
#3155 = DIRECTION ( 'NONE',  ( 1.000000000000000000, -0.000000000000000000, 0.000000000000000000 ) ) ;
#3156 = CARTESIAN_POINT ( 'NONE',  ( 3.349999999999999645, 0.000000000000000000, -0.4000000000000000777 ) ) ;
#3157 = EDGE_CURVE ( 'NONE', #1367, #1477, #897, .T. ) ;
#3158 = CIRCLE ( 'NONE', #742, 0.3000000000000000444 ) ;
#3159 =( NAMED_UNIT ( * ) SI_UNIT ( $, .STERADIAN. ) SOLID_ANGLE_UNIT ( ) );
#3160 = ORIENTED_EDGE ( 'NONE', *, *, #1996, .T. ) ;
#3161 = CIRCLE ( 'NONE', #1649, 0.4999999999999998890 ) ;
#3162 = ORIENTED_EDGE ( 'NONE', *, *, #1589, .T. ) ;
#3163 = ORIENTED_EDGE ( 'NONE', *, *, #3032, .T. ) ;
#3164 = DIRECTION ( 'NONE',  ( 0.000000000000000000, 0.000000000000000000, -1.000000000000000000 ) ) ;
#3165 = DIRECTION ( 'NONE',  ( 0.000000000000000000, 0.6019532684636278441, 0.7985313159707362329 ) ) ;
#3166 = EDGE_LOOP ( 'NONE', ( #147, #2140, #232, #2030 ) ) ;
#3167 = CYLINDRICAL_SURFACE ( 'NONE', #1057, 0.1499999999999999667 ) ;
#3168 = VERTEX_POINT ( 'NONE', #299 ) ;
#3169 = CARTESIAN_POINT ( 'NONE',  ( -1.800000000000000488, 1.620000000000000107, 0.6400000000000000133 ) ) ;
#3170 = DIRECTION ( 'NONE',  ( -0.000000000000000000, 0.000000000000000000, 1.000000000000000000 ) ) ;
#3171 = LINE ( 'NONE', #461, #2519 ) ;
#3172 = DIRECTION ( 'NONE',  ( -1.000000000000000000, -0.000000000000000000, 0.000000000000000000 ) ) ;
#3173 = DIRECTION ( 'NONE',  ( 0.000000000000000000, 0.000000000000000000, -1.000000000000000000 ) ) ;
#3174 = FACE_OUTER_BOUND ( 'NONE', #2756, .T. ) ;
#3175 = ORIENTED_EDGE ( 'NONE', *, *, #1081, .F. ) ;
#3176 = AXIS2_PLACEMENT_3D ( 'NONE', #3332, #1980, #143 ) ;
#3177 = EDGE_LOOP ( 'NONE', ( #2724, #1338, #1236, #2053 ) ) ;
#3178 = EDGE_LOOP ( 'NONE', ( #1957, #1061, #1909, #2743, #1446, #1317, #2044, #1291, #1079, #2475, #1114, #2542, #871, #212, #2785, #2271, #3162, #2607, #971, #2109, #3397, #1518 ) ) ;
#3179 = DIRECTION ( 'NONE',  ( 1.000000000000000000, 0.000000000000000000, 0.000000000000000000 ) ) ;
#3180 = CARTESIAN_POINT ( 'NONE',  ( 1.649999999999999911, 0.000000000000000000, 0.6400000000000000133 ) ) ;
#3181 = EDGE_CURVE ( 'NONE', #5, #1975, #1665, .T. ) ;
#3182 = ORIENTED_EDGE ( 'NONE', *, *, #1216, .T. ) ;
#3183 = DIRECTION ( 'NONE',  ( 1.000000000000000000, 0.000000000000000000, 0.000000000000000000 ) ) ;
#3184 = ORIENTED_EDGE ( 'NONE', *, *, #2112, .T. ) ;
#3185 = DIRECTION ( 'NONE',  ( 0.000000000000000000, 0.000000000000000000, -1.000000000000000000 ) ) ;
#3186 = EDGE_LOOP ( 'NONE', ( #2179, #102, #2293, #1274 ) ) ;
#3187 = DIRECTION ( 'NONE',  ( 0.000000000000000000, 0.000000000000000000, -1.000000000000000000 ) ) ;
#3188 = DIRECTION ( 'NONE',  ( -1.000000000000000000, 0.000000000000000000, -0.000000000000000000 ) ) ;
#3189 = ADVANCED_FACE ( 'NONE', ( #2440 ), #868, .F. ) ;
#3190 = DIRECTION ( 'NONE',  ( 0.000000000000000000, 0.000000000000000000, -1.000000000000000000 ) ) ;
#3191 = DIRECTION ( 'NONE',  ( -1.000000000000000000, 0.000000000000000000, -0.000000000000000000 ) ) ;
#3192 = EDGE_CURVE ( 'NONE', #1519, #1501, #1538, .T. ) ;
#3193 = DIRECTION ( 'NONE',  ( -0.000000000000000000, -1.000000000000000000, -0.000000000000000000 ) ) ;
#3194 = ORIENTED_EDGE ( 'NONE', *, *, #2415, .T. ) ;
#3195 = VERTEX_POINT ( 'NONE', #1651 ) ;
#3196 = DIRECTION ( 'NONE',  ( 0.000000000000000000, 0.000000000000000000, -1.000000000000000000 ) ) ;
#3197 =( LENGTH_UNIT ( ) NAMED_UNIT ( * ) SI_UNIT ( .MILLI., .METRE. ) );
#3198 = ORIENTED_EDGE ( 'NONE', *, *, #1150, .T. ) ;
#3199 = DIRECTION ( 'NONE',  ( 1.000000000000000000, 0.000000000000000000, 0.000000000000000000 ) ) ;
#3200 = ORIENTED_EDGE ( 'NONE', *, *, #1910, .F. ) ;
#3201 = CARTESIAN_POINT ( 'NONE',  ( 1.800000000000000488, 2.739559394791110325, -0.3694140194609058514 ) ) ;
#3202 = VECTOR ( 'NONE', #1030, 1000.000000000000000 ) ;
#3203 = EDGE_CURVE ( 'NONE', #1393, #245, #1253, .T. ) ;
#3204 = ORIENTED_EDGE ( 'NONE', *, *, #87, .F. ) ;
#3205 = DIRECTION ( 'NONE',  ( -1.000000000000000000, -0.000000000000000000, -0.000000000000000000 ) ) ;
#3206 = ADVANCED_FACE ( 'NONE', ( #2223 ), #1410, .T. ) ;
#3207 = CARTESIAN_POINT ( 'NONE',  ( 1.800000000000000488, 2.739559394791000191, -0.3694140194609000782 ) ) ;
#3208 = DIRECTION ( 'NONE',  ( 0.000000000000000000, 0.000000000000000000, -1.000000000000000000 ) ) ;
#3209 = DIRECTION ( 'NONE',  ( 0.000000000000000000, -0.000000000000000000, -1.000000000000000000 ) ) ;
#3210 = EDGE_LOOP ( 'NONE', ( #1669, #3121, #2764, #1158 ) ) ;
#3211 = ORIENTED_EDGE ( 'NONE', *, *, #217, .T. ) ;
#3212 = VECTOR ( 'NONE', #2075, 1000.000000000000000 ) ;
#3213 = LINE ( 'NONE', #2402, #797 ) ;
#3214 = VECTOR ( 'NONE', #2850, 1000.000000000000114 ) ;
#3215 = DIRECTION ( 'NONE',  ( -0.000000000000000000, 1.000000000000000000, 0.000000000000000000 ) ) ;
#3216 = ORIENTED_EDGE ( 'NONE', *, *, #2427, .F. ) ;
#3217 = DIRECTION ( 'NONE',  ( 0.000000000000000000, 0.000000000000000000, -1.000000000000000000 ) ) ;
#3218 = ORIENTED_EDGE ( 'NONE', *, *, #1799, .T. ) ;
#3219 = CARTESIAN_POINT ( 'NONE',  ( -4.394199999999999662, 1.620000000000000107, -1.139999999999999902 ) ) ;
#3220 = ORIENTED_EDGE ( 'NONE', *, *, #2676, .T. ) ;
#3221 = CARTESIAN_POINT ( 'NONE',  ( 1.800000000000000266, 3.269414019461000187, 0.7400499515160999797 ) ) ;
#3222 = CARTESIAN_POINT ( 'NONE',  ( -1.800000000000000488, 3.290293736805999902, 1.100000000000000089 ) ) ;
#3223 = CARTESIAN_POINT ( 'NONE',  ( -1.800000000000000488, 1.902929426821118097, 0.7397543955853961295 ) ) ;
#3224 = AXIS2_PLACEMENT_3D ( 'NONE', #620, #276, #1364 ) ;
#3225 = ORIENTED_EDGE ( 'NONE', *, *, #2161, .F. ) ;
#3226 = ORIENTED_EDGE ( 'NONE', *, *, #2264, .F. ) ;
#3227 = EDGE_CURVE ( 'NONE', #3283, #1639, #16, .T. ) ;
#3228 = DIRECTION ( 'NONE',  ( 1.000000000000000000, 0.000000000000000000, 0.000000000000000000 ) ) ;
#3229 = VECTOR ( 'NONE', #3044, 1000.000000000000000 ) ;
#3230 =( NAMED_UNIT ( * ) PLANE_ANGLE_UNIT ( ) SI_UNIT ( $, .RADIAN. ) );
#3231 = EDGE_LOOP ( 'NONE', ( #2695, #1489, #2504, #2893, #2591, #1812 ) ) ;
#3232 = CARTESIAN_POINT ( 'NONE',  ( -4.394199999999999662, 0.5000000000000000000, 0.9399999999999999467 ) ) ;
#3233 = ORIENTED_EDGE ( 'NONE', *, *, #3027, .F. ) ;
#3234 = CARTESIAN_POINT ( 'NONE',  ( 4.394199999999999662, 0.000000000000000000, 1.139999999999999902 ) ) ;
#3235 = PLANE ( 'NONE',  #60 ) ;
#3236 = CARTESIAN_POINT ( 'NONE',  ( -4.394199999999999662, 2.500000000000000000, 0.5500000000000000444 ) ) ;
#3237 = CARTESIAN_POINT ( 'NONE',  ( -4.394199999999999662, 0.000000000000000000, 0.6400000000000000133 ) ) ;
#3238 = LINE ( 'NONE', #2399, #300 ) ;
#3239 = ORIENTED_EDGE ( 'NONE', *, *, #655, .T. ) ;
#3240 = ORIENTED_EDGE ( 'NONE', *, *, #1788, .F. ) ;
#3241 = EDGE_CURVE ( 'NONE', #750, #2894, #2455, .T. ) ;
#3242 = DIRECTION ( 'NONE',  ( 0.000000000000000000, -0.7985313159707360109, 0.6019532684636279551 ) ) ;
#3243 = CARTESIAN_POINT ( 'NONE',  ( -3.350000000000000089, 0.2000000000000000111, 0.4000000000000000222 ) ) ;
#3244 = ORIENTED_EDGE ( 'NONE', *, *, #1850, .F. ) ;
#3245 = DIRECTION ( 'NONE',  ( 0.000000000000000000, 0.000000000000000000, -1.000000000000000000 ) ) ;
#3246 = ORIENTED_EDGE ( 'NONE', *, *, #2063, .F. ) ;
#3247 = EDGE_CURVE ( 'NONE', #2088, #54, #2471, .T. ) ;
#3248 = VECTOR ( 'NONE', #3302, 1000.000000000000000 ) ;
#3249 = EDGE_CURVE ( 'NONE', #1639, #295, #2886, .T. ) ;
#3250 = EDGE_CURVE ( 'NONE', #809, #229, #1979, .T. ) ;
#3251 = ORIENTED_EDGE ( 'NONE', *, *, #2200, .F. ) ;
#3252 = CARTESIAN_POINT ( 'NONE',  ( -4.394199999999999662, 0.5599999999999999423, -0.9399999999999999467 ) ) ;
#3253 = CARTESIAN_POINT ( 'NONE',  ( 1.800000000000000488, 2.899265657985304223, -0.2490233657681027724 ) ) ;
#3254 = PLANE ( 'NONE',  #2871 ) ;
#3255 = VECTOR ( 'NONE', #558, 1000.000000000000000 ) ;
#3256 = ORIENTED_EDGE ( 'NONE', *, *, #1320, .F. ) ;
#3257 = EDGE_CURVE ( 'NONE', #778, #1916, #1598, .T. ) ;
#3258 = DIRECTION ( 'NONE',  ( -0.000000000000000000, 0.000000000000000000, -1.000000000000000000 ) ) ;
#3259 = ORIENTED_EDGE ( 'NONE', *, *, #496, .F. ) ;
#3260 = DIRECTION ( 'NONE',  ( 1.000000000000000000, -0.000000000000000000, 0.000000000000000000 ) ) ;
#3261 = EDGE_LOOP ( 'NONE', ( #2717, #3444, #1747, #1883 ) ) ;
#3262 = AXIS2_PLACEMENT_3D ( 'NONE', #2544, #3347, #1242 ) ;
#3263 = CIRCLE ( 'NONE', #1808, 0.5000000000000000000 ) ;
#3264 = ORIENTED_EDGE ( 'NONE', *, *, #2677, .T. ) ;
#3265 = AXIS2_PLACEMENT_3D ( 'NONE', #2138, #1086, #2154 ) ;
#3266 = DIRECTION ( 'NONE',  ( 0.000000000000000000, -0.3325146519513070276, -0.9430980894041198770 ) ) ;
#3267 = CARTESIAN_POINT ( 'NONE',  ( -4.394199999999999662, 0.000000000000000000, 0.6400000000000000133 ) ) ;
#3268 = ADVANCED_FACE ( 'NONE', ( #2162 ), #1632, .F. ) ;
#3269 = CARTESIAN_POINT ( 'NONE',  ( -4.394199999999999662, 0.1999999999999999833, 0.6400000000000000133 ) ) ;
#3270 = ORIENTED_EDGE ( 'NONE', *, *, #2677, .F. ) ;
#3271 = CARTESIAN_POINT ( 'NONE',  ( -2.370000000000000107, 0.2000000000000000111, 0.000000000000000000 ) ) ;
#3272 = EDGE_LOOP ( 'NONE', ( #2948, #2783, #1523, #1557 ) ) ;
#3273 = CARTESIAN_POINT ( 'NONE',  ( 4.394199999999999662, 1.560000000000000275, -1.139999999999999902 ) ) ;
#3274 = ORIENTED_EDGE ( 'NONE', *, *, #503, .T. ) ;
#3275 = VECTOR ( 'NONE', #2672, 1000.000000000000000 ) ;
#3276 = EDGE_CURVE ( 'NONE', #175, #731, #1371, .T. ) ;
#3277 = AXIS2_PLACEMENT_3D ( 'NONE', #2696, #1870, #830 ) ;
#3278 = ORIENTED_EDGE ( 'NONE', *, *, #2411, .T. ) ;
#3279 = CARTESIAN_POINT ( 'NONE',  ( -4.394199999999999662, 2.500000000000000000, 0.5500000000000000444 ) ) ;
#3280 = CARTESIAN_POINT ( 'NONE',  ( 4.394199999999999662, 0.000000000000000000, 0.6400000000000000133 ) ) ;
#3281 = CIRCLE ( 'NONE', #711, 0.2999999999999999889 ) ;
#3282 = DIRECTION ( 'NONE',  ( 1.000000000000000000, 0.000000000000000000, 0.000000000000000000 ) ) ;
#3283 = VERTEX_POINT ( 'NONE', #3026 ) ;
#3284 = EDGE_CURVE ( 'NONE', #2134, #1118, #476, .T. ) ;
#3285 = ADVANCED_FACE ( 'NONE', ( #1131 ), #35, .T. ) ;
#3286 = ADVANCED_FACE ( 'NONE', ( #1117 ), #2194, .F. ) ;
#3287 = CARTESIAN_POINT ( 'NONE',  ( -4.394199999999999662, 1.902929426820999970, 0.7397543955854000153 ) ) ;
#3288 = CARTESIAN_POINT ( 'NONE',  ( 2.100000000000000089, 3.269414019461068577, -0.7400499515161907960 ) ) ;
#3289 = VERTEX_POINT ( 'NONE', #2555 ) ;
#3290 = DIRECTION ( 'NONE',  ( 0.000000000000000000, -0.000000000000000000, -1.000000000000000000 ) ) ;
#3291 = ORIENTED_EDGE ( 'NONE', *, *, #1000, .F. ) ;
#3292 = ORIENTED_EDGE ( 'NONE', *, *, #2885, .F. ) ;
#3293 = CARTESIAN_POINT ( 'NONE',  ( 4.394199999999999662, 3.290293736805999902, 1.100000000000000089 ) ) ;
#3294 = EDGE_CURVE ( 'NONE', #2762, #789, #977, .T. ) ;
#3295 = EDGE_CURVE ( 'NONE', #84, #341, #1500, .T. ) ;
#3296 = CARTESIAN_POINT ( 'NONE',  ( -4.394199999999999662, 0.000000000000000000, 0.000000000000000000 ) ) ;
#3297 = DIRECTION ( 'NONE',  ( 1.000000000000000000, -0.000000000000000000, 0.000000000000000000 ) ) ;
#3298 = DIRECTION ( 'NONE',  ( -0.000000000000000000, 1.000000000000000000, -0.000000000000000000 ) ) ;
#3299 = VECTOR ( 'NONE', #1855, 1000.000000000000000 ) ;
#3300 = ORIENTED_EDGE ( 'NONE', *, *, #1529, .T. ) ;
#3301 = LINE ( 'NONE', #2792, #1144 ) ;
#3302 = DIRECTION ( 'NONE',  ( 0.000000000000000000, 1.000000000000000000, 0.000000000000000000 ) ) ;
#3303 = VECTOR ( 'NONE', #2507, 1000.000000000000000 ) ;
#3304 = CARTESIAN_POINT ( 'NONE',  ( 1.199999999999999734, 0.000000000000000000, 1.139999999999999902 ) ) ;
#3305 = ORIENTED_EDGE ( 'NONE', *, *, #3398, .T. ) ;
#3306 = LINE ( 'NONE', #2485, #406 ) ;
#3307 = ORIENTED_EDGE ( 'NONE', *, *, #1105, .F. ) ;
#3308 = DIRECTION ( 'NONE',  ( 0.000000000000000000, 0.6019532684636278441, -0.7985313159707362329 ) ) ;
#3309 = VECTOR ( 'NONE', #931, 1000.000000000000000 ) ;
#3310 = VERTEX_POINT ( 'NONE', #2006 ) ;
#3311 = LINE ( 'NONE', #2765, #1329 ) ;
#3312 = CIRCLE ( 'NONE', #1920, 0.5000000000000000000 ) ;
#3313 = UNCERTAINTY_MEASURE_WITH_UNIT (LENGTH_MEASURE( 1.000000000000000082E-05 ), #2433, 'distance_accuracy_value', 'NONE');
#3314 = AXIS2_PLACEMENT_3D ( 'NONE', #538, #1099, #2698 ) ;
#3315 = FACE_OUTER_BOUND ( 'NONE', #2279, .T. ) ;
#3316 = DIRECTION ( 'NONE',  ( 0.000000000000000000, 1.000000000000000000, 0.000000000000000000 ) ) ;
#3317 = CARTESIAN_POINT ( 'NONE',  ( 1.800000000000000488, 1.620000000000000107, 0.6400000000000000133 ) ) ;
#3318 = ORIENTED_EDGE ( 'NONE', *, *, #785, .F. ) ;
#3319 = EDGE_CURVE ( 'NONE', #1088, #265, #2778, .T. ) ;
#3320 = CARTESIAN_POINT ( 'NONE',  ( 4.394199999999999662, 0.5600000000000000533, -1.139999999999999902 ) ) ;
#3321 = LINE ( 'NONE', #2811, #664 ) ;
#3322 = CARTESIAN_POINT ( 'NONE',  ( 1.199999999999999956, 0.000000000000000000, -0.8400000000000000799 ) ) ;
#3323 = EDGE_LOOP ( 'NONE', ( #1966, #493, #2574, #1399 ) ) ;
#3324 = FACE_OUTER_BOUND ( 'NONE', #2686, .T. ) ;
#3325 = ORIENTED_EDGE ( 'NONE', *, *, #2728, .T. ) ;
#3326 = CYLINDRICAL_SURFACE ( 'NONE', #2590, 0.1499999999999999667 ) ;
#3327 = AXIS2_PLACEMENT_3D ( 'NONE', #2733, #2208, #3258 ) ;
#3328 = ADVANCED_FACE ( 'NONE', ( #1971 ), #956, .F. ) ;
#3329 = ORIENTED_EDGE ( 'NONE', *, *, #3066, .T. ) ;
#3330 = DIRECTION ( 'NONE',  ( 0.000000000000000000, -1.000000000000000000, 0.000000000000000000 ) ) ;
#3331 = CIRCLE ( 'NONE', #2725, 0.5000000000000001110 ) ;
#3332 = CARTESIAN_POINT ( 'NONE',  ( -3.350000000000000089, 0.2000000000000000111, 0.000000000000000000 ) ) ;
#3333 = VECTOR ( 'NONE', #894, 1000.000000000000000 ) ;
#3334 = LINE ( 'NONE', #1212, #3309 ) ;
#3335 = LINE ( 'NONE', #1736, #2974 ) ;
#3336 = ORIENTED_EDGE ( 'NONE', *, *, #816, .F. ) ;
#3337 = LINE ( 'NONE', #3078, #1987 ) ;
#3338 = DIRECTION ( 'NONE',  ( 0.000000000000000000, 0.6019532684636279551, -0.7985313159707360109 ) ) ;
#3339 = DIRECTION ( 'NONE',  ( 0.000000000000000000, 0.000000000000000000, -1.000000000000000000 ) ) ;
#3340 = VERTEX_POINT ( 'NONE', #3100 ) ;
#3341 = EDGE_CURVE ( 'NONE', #596, #1764, #2945, .T. ) ;
#3342 = ORIENTED_EDGE ( 'NONE', *, *, #2112, .F. ) ;
#3343 = CARTESIAN_POINT ( 'NONE',  ( -4.394199999999999662, 2.091549044702038618, -0.8062573259757136457 ) ) ;
#3344 = FACE_OUTER_BOUND ( 'NONE', #642, .T. ) ;
#3345 = ORIENTED_EDGE ( 'NONE', *, *, #448, .F. ) ;
#3346 = DIRECTION ( 'NONE',  ( -0.000000000000000000, -0.7985313159707360109, -0.6019532684636279551 ) ) ;
#3347 = DIRECTION ( 'NONE',  ( 0.000000000000000000, -0.9430980894041198770, -0.3325146519513070276 ) ) ;
#3348 = EDGE_CURVE ( 'NONE', #1605, #1795, #2663, .T. ) ;
#3349 = CARTESIAN_POINT ( 'NONE',  ( 1.649999999999999911, 0.2000000000000000111, 0.6400000000000000133 ) ) ;
#3350 = FACE_OUTER_BOUND ( 'NONE', #2916, .T. ) ;
#3351 = CARTESIAN_POINT ( 'NONE',  ( -1.199999999999999956, 0.2000000000000000111, 1.139999999999999902 ) ) ;
#3352 = ORIENTED_EDGE ( 'NONE', *, *, #1839, .F. ) ;
#3353 = AXIS2_PLACEMENT_3D ( 'NONE', #1442, #1970, #635 ) ;
#3354 = AXIS2_PLACEMENT_3D ( 'NONE', #106, #1177, #1674 ) ;
#3355 = FACE_OUTER_BOUND ( 'NONE', #1298, .T. ) ;
#3356 = LINE ( 'NONE', #2311, #2045 ) ;
#3357 = ORIENTED_EDGE ( 'NONE', *, *, #2051, .F. ) ;
#3358 = VERTEX_POINT ( 'NONE', #1443 ) ;
#3359 = DIRECTION ( 'NONE',  ( 1.000000000000000000, 0.000000000000000000, 0.000000000000000000 ) ) ;
#3360 = CYLINDRICAL_SURFACE ( 'NONE', #1461, 0.3000000000000000444 ) ;
#3361 = VERTEX_POINT ( 'NONE', #3304 ) ;
#3362 = DIRECTION ( 'NONE',  ( 0.000000000000000000, 0.000000000000000000, -1.000000000000000000 ) ) ;
#3363 = CARTESIAN_POINT ( 'NONE',  ( -3.350000000000000089, 0.000000000000000000, 0.000000000000000000 ) ) ;
#3364 = DIRECTION ( 'NONE',  ( 1.000000000000000000, 0.000000000000000000, 0.000000000000000000 ) ) ;
#3365 = DIRECTION ( 'NONE',  ( 0.000000000000000000, -1.000000000000000000, 0.000000000000000000 ) ) ;
#3366 = CARTESIAN_POINT ( 'NONE',  ( -4.394199999999999662, 0.5000000000000000000, -0.6400000000000000133 ) ) ;
#3367 = VERTEX_POINT ( 'NONE', #671 ) ;
#3368 = AXIS2_PLACEMENT_3D ( 'NONE', #27, #2417, #1872 ) ;
#3369 = EDGE_CURVE ( 'NONE', #127, #869, #2499, .T. ) ;
#3370 = DIRECTION ( 'NONE',  ( 0.000000000000000000, 0.000000000000000000, -1.000000000000000000 ) ) ;
#3371 = LINE ( 'NONE', #484, #1407 ) ;
#3372 = CARTESIAN_POINT ( 'NONE',  ( -1.500000000000000000, 0.000000000000000000, 0.6400000000000000133 ) ) ;
#3373 = ORIENTED_EDGE ( 'NONE', *, *, #2930, .T. ) ;
#3374 = ORIENTED_EDGE ( 'NONE', *, *, #2253, .T. ) ;
#3375 = VECTOR ( 'NONE', #2796, 1000.000000000000000 ) ;
#3376 = ORIENTED_EDGE ( 'NONE', *, *, #2157, .T. ) ;
#3377 = DIRECTION ( 'NONE',  ( 1.000000000000000000, 0.000000000000000000, 0.000000000000000000 ) ) ;
#3378 = CARTESIAN_POINT ( 'NONE',  ( 4.394199999999999662, 2.500000000000000000, 0.5500000000000000444 ) ) ;
#3379 = ORIENTED_EDGE ( 'NONE', *, *, #2516, .T. ) ;
#3380 = DIRECTION ( 'NONE',  ( -0.000000000000000000, -1.000000000000000000, 0.000000000000000000 ) ) ;
#3381 = FACE_OUTER_BOUND ( 'NONE', #42, .T. ) ;
#3382 = AXIS2_PLACEMENT_3D ( 'NONE', #1164, #1760, #2239 ) ;
#3383 = EDGE_CURVE ( 'NONE', #2775, #2212, #3356, .T. ) ;
#3384 = LINE ( 'NONE', #254, #3097 ) ;
#3385 = CARTESIAN_POINT ( 'NONE',  ( 4.394199999999999662, 2.899265657985304223, -0.2490233657681027724 ) ) ;
#3386 = CARTESIAN_POINT ( 'NONE',  ( -2.370000000000000107, 0.000000000000000000, -0.4000000000000000222 ) ) ;
#3387 = ORIENTED_EDGE ( 'NONE', *, *, #3020, .F. ) ;
#3388 = AXIS2_PLACEMENT_3D ( 'NONE', #652, #2236, #3370 ) ;
#3389 = AXIS2_PLACEMENT_3D ( 'NONE', #3296, #2247, #3055 ) ;
#3390 = DIRECTION ( 'NONE',  ( 0.000000000000000000, 0.000000000000000000, -1.000000000000000000 ) ) ;
#3391 = PLANE ( 'NONE',  #2658 ) ;
#3392 = EDGE_CURVE ( 'NONE', #531, #751, #409, .T. ) ;
#3393 = DIRECTION ( 'NONE',  ( 1.000000000000000000, -0.000000000000000000, 0.000000000000000000 ) ) ;
#3394 = EDGE_CURVE ( 'NONE', #508, #8, #1743, .T. ) ;
#3395 = DIRECTION ( 'NONE',  ( 0.000000000000000000, 0.000000000000000000, 1.000000000000000000 ) ) ;
#3396 = EDGE_CURVE ( 'NONE', #1795, #1183, #168, .T. ) ;
#3397 = ORIENTED_EDGE ( 'NONE', *, *, #2412, .F. ) ;
#3398 = EDGE_CURVE ( 'NONE', #1605, #1726, #370, .T. ) ;
#3399 = EDGE_CURVE ( 'NONE', #2319, #1795, #3119, .T. ) ;
#3400 = ORIENTED_EDGE ( 'NONE', *, *, #916, .F. ) ;
#3401 = ORIENTED_EDGE ( 'NONE', *, *, #1533, .T. ) ;
#3402 = DIRECTION ( 'NONE',  ( 1.000000000000000000, 0.000000000000000000, 0.000000000000000000 ) ) ;
#3403 = LINE ( 'NONE', #490, #3428 ) ;
#3404 = ORIENTED_EDGE ( 'NONE', *, *, #2161, .T. ) ;
#3405 = CARTESIAN_POINT ( 'NONE',  ( 1.649999999999999911, 0.000000000000000000, -0.6400000000000000133 ) ) ;
#3406 = DIRECTION ( 'NONE',  ( 0.000000000000000000, 0.6019532684636278441, 0.7985313159707362329 ) ) ;
#3407 = DIRECTION ( 'NONE',  ( -0.000000000000000000, -1.000000000000000000, -0.000000000000000000 ) ) ;
#3408 = EDGE_CURVE ( 'NONE', #1828, #186, #2106, .T. ) ;
#3409 = FACE_OUTER_BOUND ( 'NONE', #3272, .T. ) ;
#3410 = DIRECTION ( 'NONE',  ( 0.000000000000000000, 0.6019532684636279551, -0.7985313159707360109 ) ) ;
#3411 = DIRECTION ( 'NONE',  ( 1.000000000000000000, 0.000000000000000000, 0.000000000000000000 ) ) ;
#3412 = LINE ( 'NONE', #1779, #3214 ) ;
#3413 = VECTOR ( 'NONE', #1708, 1000.000000000000000 ) ;
#3414 = ORIENTED_EDGE ( 'NONE', *, *, #3348, .F. ) ;
#3415 = ORIENTED_EDGE ( 'NONE', *, *, #836, .T. ) ;
#3416 = EDGE_LOOP ( 'NONE', ( #1657, #3226, #1038, #2195 ) ) ;
#3417 = DIRECTION ( 'NONE',  ( 1.000000000000000000, 0.000000000000000000, -0.000000000000000000 ) ) ;
#3418 = AXIS2_PLACEMENT_3D ( 'NONE', #515, #2122, #3188 ) ;
#3419 = CYLINDRICAL_SURFACE ( 'NONE', #1641, 0.2999999999999999889 ) ;
#3420 = ORIENTED_EDGE ( 'NONE', *, *, #2883, .F. ) ;
#3421 = CARTESIAN_POINT ( 'NONE',  ( 1.500000000000000000, 0.000000000000000000, -0.6400000000000999334 ) ) ;
#3422 = ORIENTED_EDGE ( 'NONE', *, *, #73, .F. ) ;
#3423 = DIRECTION ( 'NONE',  ( -0.000000000000000000, 1.000000000000000000, -0.000000000000000000 ) ) ;
#3424 = AXIS2_PLACEMENT_3D ( 'NONE', #1403, #1098, #322 ) ;
#3425 = CARTESIAN_POINT ( 'NONE',  ( 1.800000000000000488, 1.620000000000000107, -0.6400000000000000133 ) ) ;
#3426 = CARTESIAN_POINT ( 'NONE',  ( 4.394199999999999662, 1.560000000000000053, -0.9399999999999999467 ) ) ;
#3427 = AXIS2_PLACEMENT_3D ( 'NONE', #475, #2340, #663 ) ;
#3428 = VECTOR ( 'NONE', #2632, 1000.000000000000000 ) ;
#3429 = DIRECTION ( 'NONE',  ( 0.000000000000000000, 0.000000000000000000, -1.000000000000000000 ) ) ;
#3430 = CARTESIAN_POINT ( 'NONE',  ( 2.370000000000000107, 0.000000000000000000, -0.4000000000000000222 ) ) ;
#3431 = PLANE ( 'NONE',  #3095 ) ;
#3432 = AXIS2_PLACEMENT_3D ( 'NONE', #1260, #2565, #1548 ) ;
#3433 = CIRCLE ( 'NONE', #2649, 0.5000000000000001110 ) ;
#3434 = CARTESIAN_POINT ( 'NONE',  ( 0.000000000000000000, 0.000000000000000000, 0.000000000000000000 ) ) ;
#3435 = EDGE_CURVE ( 'NONE', #3145, #2848, #813, .T. ) ;
#3436 = VERTEX_POINT ( 'NONE', #921 ) ;
#3437 = CIRCLE ( 'NONE', #2151, 0.2999999999999999334 ) ;
#3438 = VERTEX_POINT ( 'NONE', #1988 ) ;
#3439 = ORIENTED_EDGE ( 'NONE', *, *, #645, .F. ) ;
#3440 = CARTESIAN_POINT ( 'NONE',  ( 1.649999999999999911, 0.000000000000000000, 0.6400000000000000133 ) ) ;
#3441 = DIRECTION ( 'NONE',  ( 0.000000000000000000, 1.000000000000000000, 0.000000000000000000 ) ) ;
#3442 = ORIENTED_EDGE ( 'NONE', *, *, #3399, .T. ) ;
#3443 = LINE ( 'NONE', #2582, #2050 ) ;
#3444 = ORIENTED_EDGE ( 'NONE', *, *, #365, .T. ) ;
#3445 = LINE ( 'NONE', #1882, #2648 ) ;
#3446 = EDGE_CURVE ( 'NONE', #2090, #3310, #2813, .T. ) ;
#3447 = LINE ( 'NONE', #1852, #1357 ) ;
#3448 = CARTESIAN_POINT ( 'NONE',  ( -4.394199999999999662, 0.5600000000000000533, -1.139999999999999902 ) ) ;
#3449 = LINE ( 'NONE', #1552, #2055 ) ;
#3450 = CARTESIAN_POINT ( 'NONE',  ( 3.350000000000000089, 0.2000000000000000111, 0.4000000000000000222 ) ) ;
#3451 = AXIS2_PLACEMENT_3D ( 'NONE', #1654, #2146, #1078 ) ;
#3452 = CARTESIAN_POINT ( 'NONE',  ( -1.800000000000000488, 2.091549044702030180, -0.8062573259756767863 ) ) ;
#3453 = EDGE_LOOP ( 'NONE', ( #1750, #2210, #1220, #3225 ) ) ;
#3454 = VECTOR ( 'NONE', #58, 1000.000000000000114 ) ;
#3455 = ORIENTED_EDGE ( 'NONE', *, *, #1159, .T. ) ;
#3456 = EDGE_CURVE ( 'NONE', #1961, #1189, #654, .T. ) ;
#3457 = LINE ( 'NONE', #3141, #1084 ) ;
#3458 = EDGE_CURVE ( 'NONE', #2829, #1828, #1821, .T. ) ;
#3459 = CARTESIAN_POINT ( 'NONE',  ( 4.394199999999999662, 2.739559394791000191, -0.3694140194609000782 ) ) ;
#3460 = ORIENTED_EDGE ( 'NONE', *, *, #45, .F. ) ;
#3461 = DIRECTION ( 'NONE',  ( 1.000000000000000000, 0.000000000000000000, 0.000000000000000000 ) ) ;
#3462 = ORIENTED_EDGE ( 'NONE', *, *, #3073, .F. ) ;
#3463 = VECTOR ( 'NONE', #1688, 1000.000000000000000 ) ;
#3464 = CYLINDRICAL_SURFACE ( 'NONE', #1725, 0.4999999999999998890 ) ;
#3465 = VECTOR ( 'NONE', #613, 1000.000000000000000 ) ;
#3466 = ORIENTED_EDGE ( 'NONE', *, *, #1268, .T. ) ;
#3467 = DIRECTION ( 'NONE',  ( 0.000000000000000000, 1.734723475976807094E-15, -1.000000000000000000 ) ) ;
#3468 = CARTESIAN_POINT ( 'NONE',  ( -4.394199999999999662, 2.217070573178985704, 0.4502456044146405656 ) ) ;
#3469 = FACE_OUTER_BOUND ( 'NONE', #957, .T. ) ;
#3470 = CARTESIAN_POINT ( 'NONE',  ( -2.370000000000000107, 0.2000000000000000111, 0.4000000000000000222 ) ) ;
#3471 = ORIENTED_EDGE ( 'NONE', *, *, #1939, .F. ) ;
#3472 = EDGE_LOOP ( 'NONE', ( #3357, #2294, #99, #1865 ) ) ;
ENDSEC;
END-ISO-10303-21;
